simplified	traditional	pinyin	eng	level
唉	唉	ai1	interjection or grunt of agreement or recognition (e.g. yes, it's me!), to sigh,	5
唉	唉	ai4	interjection or grunt of agreement or recognition (e.g. yes, it's me!), to sigh,	5
爱护	愛護	ai4 hu4	to cherish, to treasure, to take care of, to love and protect,	5
爱惜	愛惜	ai4 xi1	to cherish, to treasure, to use sparingly,	5
爱心	愛心	ai4 xin1	compassion, CL:片[piàn],	5
安慰	安慰	an1 wei4	to comfort, to console, CL:個|个[gè],	5
安装	安裝	an1 zhuang1	to install, to erect, to fix, to mount, installation,	5
岸	岸	an4	bank, shore, beach, coast, CL:個|个[gè],	5
岸	岸	an4	bank, shore, beach, coast, CL:個|个[gè],	5
把握	把握	ba3 wo4	to grasp (also fig.), to seize, to hold, assurance, certainty, sure (of the outcome),	5
摆	擺	bai3	to arrange, to exhibit, to move to and fro, a pendulum,	5
摆	擺	bai3	to arrange, to exhibit, to move to and fro, a pendulum,	5
班主任	班主任	ban1 zhu3 ren4	teacher in charge of a class,	5
办理	辦理	ban4 li3	to handle, to transact, to conduct,	5
棒	棒	bang4	a stick, club or cudgel, smart, capable, strong, wonderful, classifier for legs of a relay race,	5
傍晚	傍晚	bang4 wan3	in the evening, when night falls, towards evening, at night fall, at dusk,	5
包裹	包裹	bao1 guo3	wrap up, bind up, bundle, parcel, package, CL:個|个[gè],	5
包含	包含	bao1 han2	to contain, to embody, to include,	5
包子	包子	bao1 zi5	steamed stuffed bun, CL:個|个[gè],	5
薄	薄	Bo2	thin, cold in manner, indifferent, weak, light, infertile,	5
薄	薄	bao2	thin, cold in manner, indifferent, weak, light, infertile,	5
薄	薄	bo2	thin, cold in manner, indifferent, weak, light, infertile,	5
薄	薄	bo4	thin, cold in manner, indifferent, weak, light, infertile,	5
宝贝	寶貝	bao3 bei4	treasured object, treasure, darling, baby, cowry, good-for-nothing or queer character,	5
宝贵	寶貴	bao3 gui4	valuable, precious, to value, to treasure, to set store by,	5
保持	保持	bao3 chi2	to keep, to maintain, to hold, to preserve,	5
保存	保存	bao3 cun2	to conserve, to preserve, to keep, to save (a file etc) (computing),	5
保留	保留	bao3 liu2	to retain, to continue to have, to preserve, to maintain, to reserve, reservations, to hold back (approval or acceptance),	5
保险	保險	bao3 xian3	insurance, to insure, safe, secure, be sure, be bound to, CL:份[fèn],	5
报告	報告	bao4 gao4	to inform, to report, to make known, speech, talk, lecture, CL:篇,份,個|个,通[tòng],	5
悲观	悲觀	bei1 guan1	pessimistic,	5
被子	被子	bei4 zi5	quilt, CL:床[chuáng],	5
背	背	bei1	the back of a body or object, to turn one's back, to hide something from, to learn by heart, to recite from memory, unlucky (slang), hard of hearing,	5
背	背	bei1	the back of a body or object, to turn one's back, to hide something from, to learn by heart, to recite from memory, unlucky (slang), hard of hearing,	5
背	背	bei4	the back of a body or object, to turn one's back, to hide something from, to learn by heart, to recite from memory, unlucky (slang), hard of hearing,	5
背景	背景	bei4 jing3	background, backdrop, context, CL:種|种[zhǒng],	5
本科	本科	ben3 ke1	undergraduate course, undergraduate (adjective),	5
本领	本領	ben3 ling3	skill, ability, capability, CL:項|项,個|个[gè],	5
本质	本質	ben3 zhi4	essence, nature, innate character, intrinsic quality,	5
比例	比例	bi3 li4	proportion, scale,	5
比如	比如	bi3 ru2	for example, for instance, such as,	5
彼此	彼此	bi3 ci3	each other, one another,	5
必然	必然	bi4 ran2	inevitable, certain, necessity,	5
必需	必需	bi4 xu1	to need, to require, essential, indispensable,	5
必要	必要	bi4 yao4	necessary, essential, indispensable, required,	5
毕竟	畢竟	bi4 jing4	after all, all in all, when all is said and done, in the final analysis,	5
避免	避免	bi4 mian3	to avert, to prevent, to avoid, to refrain from,	5
鞭炮	鞭炮	bian1 pao4	firecrackers, a string of small firecrackers, CL:枚[méi],	5
编辑	編輯	bian1 ji2	to edit, to compile, editor, compiler,	5
便	便	bian4	ordinary, plain, convenient, as convenient, when the chance arises, handy, easy, informal, simple, so, thus, to relieve oneself, to urinate, to defecate, equivalent to 就: then, in that case, even if, soon afterwards,	5
便	便	pian2	ordinary, plain, convenient, as convenient, when the chance arises, handy, easy, informal, simple, so, thus, to relieve oneself, to urinate, to defecate, equivalent to 就: then, in that case, even if, soon afterwards,	5
辩论	辯論	bian4 lun4	debate, argument, to argue over, CL:場|场,次[cì],	5
标点	標點	biao1 dian3	punctuation, a punctuation mark, to punctuate, CL:個|个[gè],	5
标志	標志	biao1 zhi4	sign, mark, symbol, to symbolize, to indicate, to mark,	5
表面	表面	biao3 mian4	surface, face, outside, appearance,	5
表明	表明	biao3 ming2	to make clear, to make known, to state clearly, to indicate, known,	5
表情	表情	biao3 qing2	(facial) expression, to express one's feelings, expression,	5
表现	表現	biao3 xian4	to show, to show off, to display, to manifest, expression, manifestation, show, display, performance (at work etc), behavior,	5
丙	丙	bing3	"third of 10 heavenly stems 十天干, third in order, letter ""C"" or roman ""III"" in list ""A, B, C"", or ""I, II, III"" etc, propyl,"	5
病毒	病毒	bing4 du2	virus,	5
玻璃	玻璃	bo1 li5	glass, nylon, plastic, CL:張|张,塊|块[kuài],	5
博物馆	博物館	bo2 wu4 guan3	museum,	5
脖子	脖子	bo2 zi5	neck, CL:個|个[gè],	5
不必	不必	bu4 bi4	need not, does not have to, not necessarily,	5
不断	不斷	bu4 duan4	unceasing, uninterrupted, continuous, constant,	5
不见得	不見得	bu4 jian4 de5	not necessarily, not likely,	5
不耐烦	不耐煩	bu4 nai4 fan2	impatience, impatient,	5
不要紧	不要緊	bu4 yao4 jin3	unimportant, not serious, it doesn't matter, never mind, it looks all right, but,	5
补充	補充	bu3 chong1	to replenish, to supplement, to complement, additional, supplementary, CL:個|个[gè],	5
不安	不安	bu4 an1	unpeaceful, unstable, uneasy, disturbed, restless, worried,	5
不得了	不得了	bu4 de2 liao3	desperately serious, disastrous, extremely, exceedingly,	5
不好意思	不好意思	bu4 hao3 yi4 si5	to feel embarrassed, to find it embarrassing, to be sorry (for inconveniencing sb),	5
不免	不免	bu4 mian3	inevitably,	5
不然	不然	bu4 ran2	not so, no, or else, otherwise, if not,	5
不如	不如	bu4 ru2	not equal to, not as good as, inferior to, it would be better to,	5
不足	不足	bu4 zu2	insufficient, lacking, deficiency, not enough, inadequate, not worth, cannot, should not,	5
布	布	bu4	cloth, to declare, to announce, to spread, to make known,	5
布	布	bu4	cloth, to declare, to announce, to spread, to make known,	5
步骤	步驟	bu4 zhou4	procedure, step,	5
部门	部門	bu4 men2	department, branch, section, division, CL:個|个[gè],	5
财产	財產	cai2 chan3	property, CL:筆|笔[bǐ],	5
踩	踩	cai3	to step on, to tread, to stamp, to press a pedal, to pedal (a bike),	5
踩	踩	cai3	to step on, to tread, to stamp, to press a pedal, to pedal (a bike),	5
采访	採訪	cai3 fang3	to interview, to gather news, to hunt for and collect, to cover,	5
采取	採取	cai3 qu3	to adopt or carry out (measures, policies, course of action), to take,	5
彩虹	彩虹	cai3 hong2	rainbow,	5
参考	參考	can1 kao3	consultation, reference, to consult, to refer,	5
参与	參與	can1 yu4	to participate (in sth),	5
餐厅	餐廳	can1 ting1	dining hall, dining room, restaurant, CL:間|间,家[jiā],	5
残疾	殘疾	can2 ji2	disabled, handicapped, deformity on a person or animal,	5
惭愧	慚愧	can2 kui4	ashamed,	5
操场	操場	cao1 chang3	playground, sports field, drill ground, CL:個|个[gè],	5
操心	操心	cao1 xin1	to worry about,	5
册	冊	ce4	book, booklet, classifier for books,	5
测验	測驗	ce4 yan4	test, to test, CL:次,個|个[gè],	5
厕所	廁所	ce4 suo3	toilet, lavatory, CL:間|间,處|处[chù],	5
曾经	曾經	ceng2 jing1	once, already, former, previously, ever, (past tense marker used before verb or clause),	5
插	插	cha1	to insert, stick in, pierce, to take part in, to interfere, to interpose,	5
插	插	cha1	to insert, stick in, pierce, to take part in, to interfere, to interpose,	5
差别	差別	cha1 bie2	difference, distinction, diversity, disparity,	5
叉子	叉子	cha1 zi5	fork, CL:把[bǎ],	5
拆	拆	chai1	to tear open, to tear down, to tear apart, to open,	5
产品	產品	chan3 pin3	goods, merchandise, product, CL:個|个[gè],	5
产生	產生	chan3 sheng1	to arise, to come into being, to come about, to give rise to, to bring into being, to bring about, to produce, to engender, to generate, to appear, appearance, emergence, generation, production, yield,	5
长途	長途	chang2 tu2	long distance,	5
常识	常識	chang2 shi2	common sense, general knowledge, CL:門|门[mén],	5
抄	抄	chao1	to make a copy, to plagiarize, to search and seize, to raid, to grab, to go off with, to take a shortcut, to make a turning move, to fold one's arms,	5
朝	朝	Chao2	imperial or royal court, government, dynasty, reign of a sovereign or emperor, court or assembly held by a sovereign or emperor, to make a pilgrimage to, facing, towards,	5
朝	朝	chao2	imperial or royal court, government, dynasty, reign of a sovereign or emperor, court or assembly held by a sovereign or emperor, to make a pilgrimage to, facing, towards,	5
朝	朝	zhao1	imperial or royal court, government, dynasty, reign of a sovereign or emperor, court or assembly held by a sovereign or emperor, to make a pilgrimage to, facing, towards,	5
朝代	朝代	chao2 dai4	dynasty, reign (of a king),	5
炒	炒	chao3	to sauté, to stir-fry, to speculate, to hype, to fire (sb),	5
吵架	吵架	chao3 jia4	to quarrel, to have a row, quarrel, CL:頓|顿[dùn],	5
车库	車庫	che1 ku4	garage,	5
车厢	車廂	che1 xiang1	carriage, CL:節|节[jié],	5
彻底	徹底	che4 di3	thorough, thoroughly, complete,	5
沉默	沉默	chen2 mo4	taciturn, uncommunicative, silent,	5
趁	趁	chen4	to avail oneself of, to take advantage of,	5
趁	趁	chen4	to avail oneself of, to take advantage of,	5
称	稱	chen4	to weigh, to state, to name, name, appellation, to praise,	5
称	稱	cheng1	to weigh, to state, to name, name, appellation, to praise,	5
称	稱	cheng4	to weigh, to state, to name, name, appellation, to praise,	5
称呼	稱呼	cheng1 hu5	to call, to address as, appellation,	5
称赞	稱贊	cheng1 zan4	to praise, to acclaim, to commend, to compliment,	5
乘	乘	Cheng2	to ride, to mount, to make use of, to avail oneself of, to take advantage of, to multiply (mathematics), Buddhist sect or creed,	5
乘	乘	cheng2	to ride, to mount, to make use of, to avail oneself of, to take advantage of, to multiply (mathematics), Buddhist sect or creed,	5
乘	乘	sheng4	to ride, to mount, to make use of, to avail oneself of, to take advantage of, to multiply (mathematics), Buddhist sect or creed,	5
乘	乘	cheng2	to ride, to mount, to make use of, to avail oneself of, to take advantage of, to multiply (mathematics), Buddhist sect or creed,	5
承担	承擔	cheng2 dan1	to undertake, to assume (responsibility etc),	5
承认	承認	cheng2 ren4	to admit, to concede, to recognize, recognition (diplomatic, artistic etc), to acknowledge,	5
承受	承受	cheng2 shou4	to bear, to support, to inherit,	5
成分	成分	cheng2 fen4	composition, make-up, ingredient, element, component, one's social status, CL:個|个[gè],	5
成果	成果	cheng2 guo3	result, achievement, gain, profit, CL:個|个[gè],	5
成就	成就	cheng2 jiu4	accomplishment, success, attain a result, achievement, CL:個|个[gè],	5
成立	成立	cheng2 li4	to establish, to set up, to be tenable, to hold water,	5
成语	成語	cheng2 yu3	Chinese set expression, often made up of 4 characters or two couplets of 4 characters each, often alluding to a story or historical quotation, idiom; proverb; saying; adage; set expression, CL:條|条,本,句[jù],	5
成长	成長	cheng2 zhang3	to mature, to grow, growth,	5
程度	程度	cheng2 du4	degree (level or extent), level, CL:個|个[gè],	5
程序	程序	cheng2 xu4	procedures, sequence, order, computer program,	5
诚恳	誠懇	cheng2 ken3	sincere, honest, cordial,	5
吃亏	喫虧	chi1 kui1	to suffer losses, to come to grief, to lose out, to get the worst of it, to be at a disadvantage, unfortunately,	5
持续	持續	chi2 xu4	to continue, to persist, sustainable, preservation,	5
池子	池子	chi2 zi5	pond, CL:個|个[gè],	5
尺子	尺子	chi3 zi5	rule, ruler (measuring instrument), CL:把[bǎ],	5
翅膀	翅膀	chi4 bang3	wing, CL:個|个,對|对[duì],	5
冲	衝	chong1	thoroughfare, to go straight ahead, to rush, to clash,	5
冲	衝	chong1	thoroughfare, to go straight ahead, to rush, to clash,	5
冲	衝	chong4	thoroughfare, to go straight ahead, to rush, to clash,	5
充电器	充電器	chong1 dian4 qi4	battery charger,	5
充分	充分	chong1 fen4	ample, sufficient, adequate, full, fully, to the full,	5
充满	充滿	chong1 man3	full of, brimming with, very full, permeated,	5
重复	重復	chong2 fu4	to repeat, to duplicate, CL:個|个[gè],	5
重复	重復	chong2 fu4	to repeat, to duplicate, CL:個|个[gè],	5
宠物	寵物	chong3 wu4	house pet,	5
抽屉	抽屜	chou1 ti5	drawer,	5
抽象	抽象	chou1 xiang4	abstract, abstraction, CL:種|种[zhǒng],	5
丑	醜	Chou3	shameful, ugly, disgraceful,	5
丑	醜	chou3	shameful, ugly, disgraceful,	5
丑	醜	chou3	shameful, ugly, disgraceful,	5
臭	臭	chou4	stench, stink, smelly, to smell (bad),	5
臭	臭	xiu4	stench, stink, smelly, to smell (bad),	5
出版	出版	chu1 ban3	to publish, to come off the press, to put out,	5
出口	出口	chu1 kou3	an exit, CL:個|个[gè], to speak, to export, (of a ship) to leave port,	5
出色	出色	chu1 se4	remarkable, outstanding,	5
出席	出席	chu1 xi2	to attend, to participate, present,	5
初级	初級	chu1 ji2	junior, primary,	5
除	除	chu2	to get rid of, to remove, to exclude, to eliminate, to wipe out, to divide, except, not including,	5
除非	除非	chu2 fei1	only if (..., or otherwise, ...), only when, only in the case that, unless,	5
除夕	除夕	Chu2 xi1	(New Year's) Eve,	5
处理	處理	chu3 li3	to handle, to treat, to deal with, to process, CL:個|个[gè],	5
传播	傳播	chuan2 bo1	to disseminate, to propagate, to spread,	5
传递	傳遞	chuan2 di4	to transmit, to pass on to sb else,	5
传染	傳染	chuan2 ran3	to infect, contagious,	5
传说	傳說	chuan2 shuo1	legend, folklore, tradition, it is said, they say that...,	5
传统	傳統	chuan2 tong3	tradition, traditional, convention, conventional, CL:個|个[gè],	5
窗帘	窗簾	chuang1 lian2	window curtains,	5
闯	闖	chuang3	to rush, to charge, to dash, to break through, to temper oneself (through battling hardships),	5
创造	創造	chuang4 zao4	to create, to bring about, to produce, to set (a record),	5
吹	吹	chui1	to blow, to play a wind instrument, to blast, to puff, to boast, to brag, to end in failure, to fall through,	5
磁带	磁帶	ci2 dai4	magnetic tape, CL:盤|盘,盒[hé],	5
辞职	辭職	ci2 zhi2	to resign,	5
此外	此外	ci3 wai4	besides, in addition, moreover, furthermore,	5
刺激	刺激	ci4 ji1	to provoke, to irritate, to upset, to stimulate, to excite, irritant,	5
次要	次要	ci4 yao4	secondary,	5
匆忙	匆忙	cong1 mang2	hasty, hurried,	5
从此	從此	cong2 ci3	from now on, since then, henceforth,	5
从而	從而	cong2 er2	thus, thereby,	5
从前	從前	cong2 qian2	previously, formerly, once upon a time,	5
从事	從事	cong2 shi4	to go for, to engage in, to undertake, to deal with, to handle, to do,	5
醋	醋	cu4	vinegar,	5
促进	促進	cu4 jin4	to promote (an idea or cause), to advance, boost,	5
促使	促使	cu4 shi3	to induce, to promote, to urge, to impel, to bring about, to provoke, to drive (sb to do sth), to catalyze, to actuate, to contribute to (some development),	5
催	催	cui1	to urge, to press, to prompt, to rush sb, to hasten sth, to expedite,	5
存	存	cun2	to exist, to deposit, to store, to keep, to survive,	5
存在	存在	cun2 zai4	to exist, to be, existence,	5
错误	錯誤	cuo4 wu4	error, mistake, CL:個|个[gè], mistaken, false, wrong,	5
措施	措施	cuo4 shi1	measure, step, CL:個|个[gè],	5
答应	答應	da1 ying5	to promise, to agree, to reply, to respond,	5
达到	達到	da2 dao4	to reach, to achieve, to attain,	5
打工	打工	da3 gong1	to work a temporary or casual job, (of students) to have a job outside of class time, or during vacation,	5
打交道	打交道	da3 jiao1 dao4	to come into contact with, to have dealings,	5
打喷嚏	打噴嚏	da3 pen1 ti4	to sneeze,	5
打听	打聽	da3 ting5	to ask about, to inquire about,	5
打招呼	打招呼	da3 zhao1 hu5	to greet sb by word or action, to give prior notice,	5
大方	大方	da4 fang1	generous, magnanimous, stylish, in good taste, easy-mannered, natural and relaxed,	5
大方	大方	da4 fang5	generous, magnanimous, stylish, in good taste, easy-mannered, natural and relaxed,	5
大象	大象	da4 xiang4	elephant, CL:隻|只[zhī],	5
大型	大型	da4 xing2	large, large-scale,	5
呆	呆	dai1	foolish, stupid, expressionless, blank, to stay,	5
呆	呆	dai1	foolish, stupid, expressionless, blank, to stay,	5
贷款	貸款	dai4 kuan3	a loan, to provide a loan (e.g. bank), CL:筆|笔[bǐ],	5
待遇	待遇	dai4 yu4	treatment, pay, wages, status, salary,	5
担任	擔任	dan1 ren4	to hold a governmental office or post, to assume office of, to take charge of, to serve as,	5
单纯	單純	dan1 chun2	simple, pure, alone, merely,	5
单调	單調	dan1 diao4	monotonous,	5
单独	單獨	dan1 du2	alone, by oneself, on one's own,	5
单位	單位	dan1 wei4	a unit, unit (of measure), work unit (one's workplace), CL:個|个[gè],	5
单元	單元	dan1 yuan2	unit, entrance number, staircase (for residential buildings),	5
耽误	耽誤	dan1 wu5	to delay, to hold up, to waste time, to interfere with,	5
胆小鬼	膽小鬼	dan3 xiao3 gui3	coward,	5
淡	淡	dan4	insipid, diluted, weak, mild, light in color, tasteless, fresh, indifferent, nitrogen,	5
当代	當代	dang1 dai4	the present age, the contemporary era,	5
挡	擋	dang3	to resist, to obstruct, to hinder, to keep off, to block (a blow), to get in the way of, cover, gear,	5
挡	擋	dang4	to resist, to obstruct, to hinder, to keep off, to block (a blow), to get in the way of, cover, gear,	5
挡	擋	dang3	to resist, to obstruct, to hinder, to keep off, to block (a blow), to get in the way of, cover, gear,	5
岛	島	dao3	island, CL:個|个,座[zuò],	5
岛	島	dao3	island, CL:個|个,座[zuò],	5
倒霉	倒黴	dao3 mei2	to have bad luck, to be out of luck,	5
导演	導演	dao3 yan3	to direct, director (film etc),	5
导致	導致	dao3 zhi4	to lead to, to create, to cause, to bring about,	5
倒	倒	dao3	to place upside down, to invert, to pour, to throw out, to move backwards, however, actually, as a matter of fact, contrary to expectation,	5
倒	倒	dao4	to place upside down, to invert, to pour, to throw out, to move backwards, however, actually, as a matter of fact, contrary to expectation,	5
到达	到達	dao4 da2	to reach, to arrive,	5
道德	道德	dao4 de2	virtue, morality, ethics, CL:種|种[zhǒng],	5
道理	道理	dao4 li5	reason, argument, sense, principle, basis, justification, CL:個|个[gè],	5
登机牌	登機牌	deng1 ji1 pai2	boarding pass,	5
登记	登記	deng1 ji4	to register (one's name),	5
等待	等待	deng3 dai4	to wait, to wait for,	5
等候	等候	deng3 hou4	to wait, to wait for,	5
等于	等於	deng3 yu2	to equal, to be tantamount to,	5
滴	滴	di1	a drop, to drip,	5
的确	的確	di2 que4	really, indeed,	5
敌人	敵人	di2 ren2	enemy, CL:個|个[gè],	5
递	遞	di4	to hand over, to pass on sth, to gradually increase or decrease, progressively,	5
地道	地道	di4 dao4	authentic, genuine, typical, from a place known for the product, thorough, conscientious,	5
地道	地道	di4 dao5	authentic, genuine, typical, from a place known for the product, thorough, conscientious,	5
地理	地理	di4 li3	geography,	5
地区	地區	di4 qu1	local, regional, district (not necessarily formal administrative unit), region, area, as suffix to city name, means prefecture or county (area administered by a prefecture level city or county level city), CL:個|个[gè],	5
地毯	地毯	di4 tan3	carpet, rug,	5
地位	地位	di4 wei4	position, status, place, CL:個|个[gè],	5
地震	地震	di4 zhen4	earthquake,	5
点头	點頭	dian3 tou2	to nod,	5
点心	點心	dian3 xin5	light refreshments, pastry, dimsum (in Cantonese cooking), dessert,	5
电池	電池	dian4 chi2	battery, CL:節|节,組|组[zǔ],	5
电台	電臺	dian4 tai2	transmitter-receiver, broadcasting station, radio station, CL:個|个,家[jiā],	5
钓	釣	diao4	to fish with a hook and bait,	5
丁	丁	Ding1	"fourth of 10 heavenly stems 十天干, fourth in order, letter ""D"" or roman ""IV"" in list ""A, B, C"", or ""I, II, III"" etc, butyl, cubes (of food),"	5
丁	丁	ding1	"fourth of 10 heavenly stems 十天干, fourth in order, letter ""D"" or roman ""IV"" in list ""A, B, C"", or ""I, II, III"" etc, butyl, cubes (of food),"	5
丁	丁	zheng1	"fourth of 10 heavenly stems 十天干, fourth in order, letter ""D"" or roman ""IV"" in list ""A, B, C"", or ""I, II, III"" etc, butyl, cubes (of food),"	5
顶	頂	ding3	"apex, crown of the head, top, roof, to carry on the head, to push to the top, to go against, most, to replace, to substitute, classifier for headwear, hats, veils etc, to ""bump"" a forum thread to raise its profile (internet slang),"	5
冻	凍	dong4	to freeze, to feel very cold, aspic or jelly,	5
洞	洞	dong4	cave, hole, zero (unambiguous spoken form when spelling out numbers), CL:個|个[gè],	5
洞	洞	tong2	cave, hole, zero (unambiguous spoken form when spelling out numbers), CL:個|个[gè],	5
动画片	動畫片	dong4 hua4 pian4	animated film,	5
逗	逗	dou4	to stay, to stop, to pause (while reading), to tease (play with),	5
豆腐	豆腐	dou4 fu5	tofu, bean curd,	5
独立	獨立	du2 li4	independent, independence, to stand alone,	5
独特	獨特	du2 te4	unique, distinct, having special characteristics,	5
度过	度過	du4 guo4	to pass, to spend (time), to survive, to get through,	5
短信	短信	duan3 xin4	text message, SMS,	5
堆	堆	dui1	to pile up, to heap up, a mass, pile, heap, stack, large amount,	5
对比	對比	dui4 bi3	to contrast, contrast, ratio, CL:個|个[gè],	5
对待	對待	dui4 dai4	to treat, treatment,	5
对方	對方	dui4 fang1	counterpart, other person involved, opposite side, other side, receiving party,	5
对手	對手	dui4 shou3	opponent, adversary, match,	5
对象	對象	dui4 xiang4	target, object, partner, boyfriend, girlfriend, CL:個|个[gè],	5
对于	對於	dui4 yu2	regarding, as far as sth is concerned, with regards to,	5
吨	噸	dun1	ton, Taiwan pr. [dùn],	5
蹲	蹲	cun2	to crouch, to squat,	5
蹲	蹲	dun1	to crouch, to squat,	5
多亏	多虧	duo1 kui1	thanks to, luckily,	5
多余	多餘	duo1 yu2	superfluous, unnecessary, surplus,	5
躲藏	躲藏	duo3 cang2	to hide oneself,	5
恶劣	惡劣	e4 lie4	vile, nasty, of very poor quality,	5
发表	發表	fa1 biao3	to issue, to publish,	5
发愁	發愁	fa1 chou2	to worry, to fret, to be anxious, to become sad,	5
发达	發達	fa1 da2	developed (country etc), flourishing, to develop,	5
发抖	發抖	fa1 dou3	to tremble, to shake, to shiver,	5
发挥	發揮	fa1 hui1	to display, to exhibit, to bring out implicit or innate qualities, to express (a thought or moral), to develop (an idea), to elaborate (on a theme),	5
发明	發明	fa1 ming2	to invent, invention, CL:個|个[gè],	5
发票	發票	fa1 piao4	invoice, receipt or bill for purchase,	5
发言	發言	fa1 yan2	to make a speech, statement, utterance, CL:個|个[gè],	5
罚款	罰款	fa2 kuan3	(impose a) fine, penalty, fine (monetary),	5
法院	法院	fa3 yuan4	court of law, court,	5
翻	翻	fan1	to turn over, to flip over, to overturn, to rummage through, to translate, to decode, to double, to climb over or into, to cross,	5
翻	翻	fan1	to turn over, to flip over, to overturn, to rummage through, to translate, to decode, to double, to climb over or into, to cross,	5
繁荣	繁榮	fan2 rong2	prosperous, booming (economy),	5
凡是	凡是	fan2 shi4	each and every, every, all, any,	5
反而	反而	fan3 er2	instead, on the contrary, contrary (to expectations),	5
反复	反復	fan3 fu4	repeatedly, over and over,	5
反复	反復	fan3 fu4	repeatedly, over and over,	5
反应	反應	fan3 ying4	to react, to respond, reaction, response, reply, chemical reaction, CL:個|个[gè],	5
反正	反正	fan3 zheng4	anyway, in any case, to come over from the enemy's side,	5
方	方	Fang1	square, power or involution (mathematics), upright, honest, fair and square, direction, side, party (to a contract, dispute etc), place, method, prescription (medicine), just when, only or just, classifier for square things, abbr. for square or cubic meter,	5
方	方	fang1	square, power or involution (mathematics), upright, honest, fair and square, direction, side, party (to a contract, dispute etc), place, method, prescription (medicine), just when, only or just, classifier for square things, abbr. for square or cubic meter,	5
方案	方案	fang1 an4	plan, program (for action etc), proposal, proposed bill, CL:個|个,套[tào],	5
方式	方式	fang1 shi4	way (of life), pattern, style, mode, manner, CL:個|个[gè],	5
妨碍	妨礙	fang2 ai4	to hinder, to obstruct,	5
房东	房東	fang2 dong1	landlord,	5
仿佛	仿佛	fang3 fu2	to seem, as if, alike, similar,	5
仿佛	仿佛	fang3 fu2	to seem, as if, alike, similar,	5
放松	放松	fang4 song1	to loosen, to relax,	5
非	非	Fei1	to not be, not, wrong, incorrect, non-, un-, in-, to reproach or blame, (colloquial) to insist on, simply must,	5
非	非	fei1	to not be, not, wrong, incorrect, non-, un-, in-, to reproach or blame, (colloquial) to insist on, simply must,	5
肥皂	肥皁	fei2 zao4	soap, CL:塊|块,條|条[tiáo],	5
肺	肺	fei4	lung, CL:個|个[gè],	5
废话	廢話	fei4 hua4	nonsense, rubbish, superfluous words, You don't say!, No kidding! (gently sarcastic),	5
费用	費用	fei4 yong4	cost, expenditure, expense, CL:筆|笔,個|个[gè],	5
分别	分別	fen1 bie2	to part or leave each other, to distinguish, difference, in different ways, differently, separately or individually,	5
分布	分布	fen1 bu4	distributed, to distribute,	5
分配	分配	fen1 pei4	to distribute, to assign, to allocate, to partition (a hard drive),	5
分析	分析	fen1 xi1	to analyze, analysis, CL:個|个[gè],	5
纷纷	紛紛	fen1 fen1	one after another, in succession, one by one, continuously, diverse, in profusion, numerous and confused, pell-mell,	5
奋斗	奮鬥	fen4 dou4	to strive, to struggle,	5
愤怒	憤怒	fen4 nu4	angry, indignant, wrath, ire,	5
风格	風格	feng1 ge2	style,	5
风俗	風俗	feng1 su2	social custom, CL:個|个[gè],	5
风险	風險	feng1 xian3	risk, hazard,	5
疯狂	瘋狂	feng1 kuang2	madness, extreme popularity,	5
讽刺	諷刺	feng3 ci4	to satirize, to mock, irony, satire, sarcasm,	5
否定	否定	fou3 ding4	to negate, to deny, to reject, negative (answer), negation,	5
否认	否認	fou3 ren4	to declare to be untrue, to deny,	5
扶	扶	fu2	to support with the hand, to help sb up, to support oneself by holding onto something, to help,	5
幅	幅	fu2	width, roll, classifier for textiles or pictures,	5
服从	服從	fu2 cong2	to obey (an order), to comply, to defer,	5
服装	服裝	fu2 zhuang1	dress, clothing, costume, clothes, CL:身[shēn],	5
辅导	輔導	fu3 dao3	to coach, to tutor, to give advice (in study),	5
复制	復制	fu4 zhi4	to duplicate, to make a copy of, to copy, to reproduce, to clone,	5
付款	付款	fu4 kuan3	to pay a sum of money, payment,	5
妇女	婦女	fu4 nu:3	woman,	5
改革	改革	gai3 ge2	reform, CL:次,種|种,項|项[xiàng], to reform,	5
改进	改進	gai3 jin4	to improve, to make better, CL:個|个[gè],	5
改善	改善	gai3 shan4	to make better, to improve, CL:個|个[gè],	5
改正	改正	gai3 zheng4	to correct, to amend, to put right, correction, CL:個|个[gè],	5
盖	蓋	Ge3	lid, top, cover, canopy, to cover, to conceal, to build,	5
盖	蓋	gai4	lid, top, cover, canopy, to cover, to conceal, to build,	5
概括	概括	gai4 kuo4	to summarize, to generalize, briefly, CL:個|个[gè],	5
概念	概念	gai4 nian4	concept, idea, CL:個|个[gè],	5
干脆	幹脆	gan1 cui4	straightforward, clear-cut, blunt (e.g. statement), you might as well, simply,	5
感激	感激	gan3 ji1	to be grateful, to appreciate, thankful,	5
感受	感受	gan3 shou4	to sense, perception, to feel (through the senses), a feeling, an impression, an experience,	5
感想	感想	gan3 xiang3	impressions, reflections, thoughts, CL:通,個|个[gè],	5
赶紧	趕緊	gan3 jin3	hurriedly, without delay,	5
赶快	趕快	gan3 kuai4	at once, immediately,	5
干活儿	幹活兒	gan4 huo2 r5	to work, manual labor,	5
钢铁	鋼鐵	gang1 tie3	steel,	5
高档	高檔	gao1 dang4	superior quality, high grade, top grade,	5
高速	高速	gao1 su4	high speed,	5
搞	搞	gao3	to do, to make, to go in for, to set up, to get hold of, to take care of,	5
告别	告別	gao4 bie2	to leave, to bid farewell to, to say good-bye to,	5
胳膊	胳膊	ge1 bo5	arm, CL:隻|只,條|条,雙|双[shuāng],	5
鸽子	鴿子	ge1 zi5	pigeon, dove, various birds of the species Columbidae,	5
隔壁	隔壁	ge2 bi4	next door, neighbor,	5
格外	格外	ge2 wai4	especially, particularly,	5
革命	革命	ge2 ming4	revolution, revolutionary (politics), CL:次[cì],	5
个别	個別	ge4 bie2	individual, specific, respective, just one or two,	5
个人	個人	ge4 ren2	individual, personal, oneself,	5
个性	個性	ge4 xing4	individuality, personality,	5
各自	各自	ge4 zi4	each, respective, apiece,	5
根	根	gen1	root, basis, classifier for long slender objects, e.g. cigarettes, guitar strings, CL:條|条[tiáo], radical (chemistry),	5
根本	根本	gen1 ben3	fundamental, basic, root, simply, absolutely (not), (not) at all, CL:個|个[gè],	5
更加	更加	geng4 jia1	more (than sth else), even more,	5
公布	公布	gong1 bu4	to announce, to make public, to publish,	5
公布	公布	gong1 bu4	to announce, to make public, to publish,	5
公开	公開	gong1 kai1	public, to publish, to make public,	5
公平	公平	gong1 ping2	fair, impartial,	5
公寓	公寓	gong1 yu4	apartment building, block of flats, CL:套[tào],	5
公元	公元	gong1 yuan2	CE (Common Era), Christian Era, AD (Anno Domini),	5
公主	公主	gong1 zhu3	princess,	5
工厂	工廠	gong1 chang3	factory, CL:家,座[zuò],	5
工程师	工程師	gong1 cheng2 shi1	engineer, CL:個|个,位,名[míng],	5
工人	工人	gong1 ren2	worker, CL:個|个,名[míng],	5
工业	工業	gong1 ye4	industry,	5
功夫	功夫	gong1 fu5	skill, art, kung fu, labor, effort,	5
功能	功能	gong1 neng2	function, capability,	5
贡献	貢獻	gong4 xian4	to contribute, to dedicate, to devote, contribution, CL:個|个[gè],	5
沟通	溝通	gou1 tong1	to join, to connect, to link up, to communicate,	5
构成	構成	gou4 cheng2	to constitute, to form, to compose, to make up, to configure (computing),	5
姑姑	姑姑	gu1 gu5	paternal aunt, CL:個|个[gè],	5
姑娘	姑娘	gu1 niang5	girl, young woman, young lady, daughter, paternal aunt (old), CL:個|个[gè],	5
古代	古代	gu3 dai4	ancient times, olden times,	5
古典	古典	gu3 dian3	classical,	5
古老	古老	gu3 lao3	ancient, old, age-old,	5
股票	股票	gu3 piao4	share, stock (market),	5
鼓舞	鼓舞	gu3 wu3	heartening (news), boost (morale), CL:個|个[gè],	5
骨头	骨頭	gu3 tou5	bone, CL:根,塊|块[kuài], moral character, bitterness,	5
固定	固定	gu4 ding4	fixed, set, regular,	5
固体	固體	gu4 ti3	solid,	5
雇佣	僱傭	gu4 yong1	to employ, to hire,	5
雇佣	僱傭	gu4 yong1	to employ, to hire,	5
挂号	掛號	gua4 hao4	to register (a letter etc),	5
乖	乖	guai1	(of a child) obedient, well-behaved, clever, shrewd, alert, perverse, contrary to reason, irregular, abnormal,	5
拐弯	拐彎	guai3 wan1	to go round a curve, to turn a corner, fig. a new direction,	5
怪不得	怪不得	guai4 bu5 de5	no wonder!, so that's why!,	5
关闭	關閉	guan1 bi4	to close, to shut,	5
关怀	關懷	guan1 huai2	care, solicitude, to show care for, concerned about, attentive to,	5
官	官	Guan1	official, government, organ of body, CL:個|个[gè],	5
官	官	guan1	official, government, organ of body, CL:個|个[gè],	5
观察	觀察	guan1 cha2	to observe, to watch, to survey, to examine, observation, view, perspective, CL:個|个[gè],	5
观点	觀點	guan1 dian3	point of view, viewpoint, standpoint, CL:個|个[gè],	5
观念	觀念	guan1 nian4	notion, thought, concept, sense, views, ideology, general impressions,	5
管子	管子	Guan3 zi3	tube, pipe, drinking straw, CL:根[gēn],	5
管子	管子	guan3 zi5	tube, pipe, drinking straw, CL:根[gēn],	5
罐头	罐頭	guan4 tou5	tin, can, CL:個|个[gè],	5
冠军	冠軍	guan4 jun1	champion, CL:個|个[gè],	5
光滑	光滑	guang1 hua2	glossy, sleek, smooth,	5
光临	光臨	guang1 lin2	(honorific) Welcome!, You honor us with your presence., It is an honor to have you.,	5
光明	光明	guang1 ming2	light, illumination, radiance (esp. glory of Buddha etc), fig. bright prospects, openhearted,	5
光盘	光盤	guang1 pan2	compact disc, CD or DVD, CD ROM, CL:片,張|张[zhāng],	5
光荣	光榮	guang1 rong2	honor and glory, glorious,	5
广场	廣場	guang3 chang3	public square, plaza,	5
广大	廣大	guang3 da4	(of an area) vast or extensive, large-scale, widespread, (of people) numerous,	5
广泛	廣泛	guang3 fan4	extensive, wide range,	5
规矩	規矩	gui1 ju5	lit. compass and set square, fig. established standard, rule, customs, practices, fig. upright and honest, well-behaved,	5
规律	規律	gui1 lu:4	rule (e.g. of science), law of behavior, regular pattern, rhythm, discipline,	5
规模	規模	gui1 mo2	scale, scope, extent, CL:個|个[gè],	5
规则	規則	gui1 ze2	rule, regulation, rules and regulations,	5
柜台	櫃臺	gui4 tai2	sales counter, front desk, bar, over the counter,	5
柜台	櫃臺	gui4 tai2	sales counter, front desk, bar, over the counter,	5
柜台	櫃臺	gui4 tai2	sales counter, front desk, bar, over the counter,	5
滚	滾	gun3	to boil, to roll, to take a hike, Get lost!,	5
锅	鍋	guo1	pot, pan, boiler, CL:口,隻|只[zhī],	5
国籍	國籍	guo2 ji2	nationality,	5
国庆节	國慶節	Guo2 qing4 jie2	PRC National Day (October 1st),	5
果实	果實	guo3 shi2	fruit, gains,	5
过分	過分	guo4 fen4	excessive, undue, overly,	5
过敏	過敏	guo4 min3	to be allergic, allergy,	5
过期	過期	guo4 qi1	to be overdue, to exceed the time limit, to expire (as in expiration date),	5
哈	哈	Ha1	laughter, yawn,	5
哈	哈	ha1	laughter, yawn,	5
哈	哈	ha3	laughter, yawn,	5
海关	海關	hai3 guan1	customs (i.e. border crossing inspection), CL:個|个[gè],	5
海鲜	海鮮	hai3 xian1	seafood,	5
喊	喊	han3	to yell, to shout, to call out for (a person),	5
行业	行業	hang2 ye4	industry, business,	5
豪华	豪華	hao2 hua2	luxurious,	5
好奇	好奇	hao4 qi2	inquisitive, curious, inquisitiveness, curiosity,	5
和平	和平	He2 ping2	peace,	5
和平	和平	he2 ping2	peace,	5
何必	何必	he2 bi4	there is no need, why should,	5
何况	何況	he2 kuang4	let alone, to say nothing of, besides, what's more,	5
合法	合法	he2 fa3	lawful, legitimate, legal,	5
合理	合理	he2 li3	rational, reasonable, fair,	5
合同	合同	he2 tong5	(business) contract, CL:個|个[gè],	5
合影	合影	he2 ying3	joint photo, group photo,	5
合作	合作	he2 zuo4	to cooperate, to collaborate, to work together, cooperation, CL:個|个[gè],	5
核心	核心	he2 xin1	core, nucleus,	5
恨	恨	hen4	to hate, to regret,	5
横	橫	heng2	horizontal, across, (horizontal character stroke),	5
横	橫	heng4	horizontal, across, (horizontal character stroke),	5
后果	後果	hou4 guo3	consequences, aftermath,	5
忽视	忽視	hu1 shi4	to neglect, to ignore,	5
呼吸	呼吸	hu1 xi1	to breathe,	5
壶	壺	hu2	pot, classifier for bottled liquid,	5
蝴蝶	蝴蝶	hu2 die2	butterfly, CL:隻|只[zhī],	5
胡说	胡說	hu2 shuo1	to talk nonsense, drivel,	5
胡同	胡同	hu2 tong4	variant of 胡同[hú tòng],	5
胡同	胡同	hu2 tong4	variant of 胡同[hú tòng],	5
胡须	胡須	hu2 xu1	beard, CL:根,綹|绺[liǔ],	5
糊涂	糊塗	hu2 tu5	muddled, silly, confused,	5
花生	花生	hua1 sheng1	peanut, groundnut, CL:粒[lì],	5
滑冰	滑冰	hua2 bing1	to skate, skating,	5
划船	劃船	hua2 chuan2	to row a boat, rowing boat, rowing (sport),	5
华裔	華裔	Hua2 yi4	ethnic Chinese, non-Chinese citizen of Chinese ancestry,	5
化学	化學	hua4 xue2	chemistry, chemical,	5
话题	話題	hua4 ti2	subject (of a talk or conversation), topic,	5
怀念	懷念	huai2 nian4	to cherish the memory of, to think of, reminisce,	5
缓解	緩解	huan3 jie3	to blunt, to dull, to ease, to help relieve (a crisis), to alleviate (pain),	5
幻想	幻想	huan4 xiang3	delusion, fantasy,	5
慌张	慌張	huang1 zhang1	confused, flustered,	5
黄瓜	黃瓜	huang2 gua1	cucumber, CL:條|条[tiáo],	5
黄金	黃金	huang2 jin1	gold,	5
皇帝	皇帝	huang2 di4	emperor, CL:個|个[gè],	5
皇后	皇後	huang2 hou4	empress, imperial consort,	5
灰	灰	hui1	ash, dust, lime, gray, discouraged, dejected,	5
灰尘	灰塵	hui1 chen2	dust,	5
灰心	灰心	hui1 xin1	to lose heart, to be discouraged,	5
挥	揮	hui1	to wave, to brandish, to wipe away, to command, to conduct, to scatter, to disperse,	5
恢复	恢復	hui1 fu4	to reinstate, to resume, to restore, to recover, to regain, to rehabilitate,	5
汇率	匯率	hui4 lu:4	exchange rate,	5
婚礼	婚禮	hun1 li3	wedding ceremony, wedding,	5
婚姻	婚姻	hun1 yin1	matrimony, wedding, marriage, CL:次[cì],	5
活跃	活躍	huo2 yue4	active, vigorous,	5
火柴	火柴	huo3 chai2	match (for lighting fire), CL:根,盒[hé],	5
伙伴	夥伴	huo3 ban4	partner, companion, comrade,	5
基本	基本	ji1 ben3	basic, fundamental, main, elementary,	5
机器	機器	ji1 qi4	machine, CL:臺|台,部,個|个[gè],	5
激烈	激烈	ji1 lie4	intense, acute, fierce,	5
肌肉	肌肉	ji1 rou4	muscle, flesh,	5
及格	及格	ji2 ge2	to pass a test,	5
急忙	急忙	ji2 mang2	hastily,	5
集体	集體	ji2 ti3	collective, social, team, CL:個|个[gè],	5
集中	集中	ji2 zhong1	to concentrate, to centralize, to focus, centralized, concentrated, to put together,	5
记录	記錄	ji4 lu4	to record, record (written account), record (in sports etc), CL:個|个[gè],	5
记忆	記憶	ji4 yi4	to remember, to recall, memory, CL:個|个[gè],	5
计算	計算	ji4 suan4	to count, to calculate, to compute, CL:個|个[gè],	5
寂寞	寂寞	ji4 mo4	lonely, lonesome, quiet, silent,	5
系领带	系領帶	xi4 ling3 dai4	to tie one's necktie,	5
纪录	紀錄	ji4 lu4	record,	5
纪律	紀律	ji4 lu:4	discipline,	5
纪念	紀念	ji4 nian4	to commemorate, to remember, CL:個|个[gè],	5
家庭	家庭	jia1 ting2	family, household, CL:戶|户,個|个[gè],	5
家务	家務	jia1 wu4	household duties, housework,	5
家乡	家鄉	jia1 xiang1	hometown, native place, CL:個|个[gè],	5
嘉宾	嘉賓	jia1 bin1	esteemed guest, honored guest, guest (on a show),	5
夹子	夾子	jia1 zi5	clip, clamp, tongs, folder, wallet,	5
甲	甲	jia3	first of the ten heavenly stems 十天干[shí tiān gān], (used for an unspecified person or thing), first (in a list, as a party to a contract etc), armor plating, shell or carapace, (of the fingers or toes) nail, bladed leather or metal armor (old), ranking system used in the Imperial examinations (old), civil administration unit (old),	5
假如	假如	jia3 ru2	if,	5
假装	假裝	jia3 zhuang1	to feign, to pretend,	5
嫁	嫁	jia4	(of a woman) to marry, to marry off a daughter, to shift (blame etc),	5
价值	價值	jia4 zhi2	value, worth, fig. values (ethical, cultural etc), CL:個|个[gè],	5
驾驶	駕駛	jia4 shi3	to pilot (ship, airplane etc), to drive,	5
煎	煎	jian1	to pan fry, to sauté,	5
肩膀	肩膀	jian1 bang3	shoulder,	5
坚决	堅決	jian1 jue2	firm, resolute, determined,	5
坚强	堅強	jian1 qiang2	staunch, strong,	5
尖锐	尖銳	jian1 rui4	sharp, intense, penetrating, pointed, acute (illness),	5
艰巨	艱巨	jian1 ju4	arduous, terrible (task), very difficult, formidable,	5
艰苦	艱苦	jian1 ku3	difficult, hard, arduous,	5
捡	撿	jian3	to pick up, to collect, to gather,	5
剪刀	剪刀	jian3 dao1	scissors, CL:把[bǎ],	5
简历	簡歷	jian3 li4	Curriculum Vitae (CV), résumé (resume), biographical notes,	5
简直	簡直	jian3 zhi2	simply, at all, practically,	5
健身房	健身房	jian4 shen1 fang2	gym, gymnasium,	5
建立	建立	jian4 li4	to establish, to set up, to found,	5
建设	建設	jian4 she4	to build, to construct, construction, constructive,	5
建议	建議	jian4 yi4	to propose, to suggest, to recommend, proposal, suggestion, recommendation, CL:個|个,點|点[diǎn],	5
建筑	建築	jian4 zhu4	to construct, building, CL:個|个[gè],	5
键盘	鍵盤	jian4 pan2	keyboard,	5
讲究	講究	jiang3 jiu5	to pay particular attention to, exquisite, aesthetic,	5
讲座	講座	jiang3 zuo4	a course of lectures, CL:個|个[gè],	5
降落	降落	jiang4 luo4	to descend, to land,	5
酱油	醬油	jiang4 you2	soy sauce,	5
浇	澆	jiao1	to pour liquid, to irrigate (using waterwheel), to water, to cast (molten metal), to mold,	5
交换	交換	jiao1 huan4	to exchange, to swap, to switch (telecom), commutative (math), to commute,	5
交际	交際	jiao1 ji4	communication, social intercourse,	5
郊区	郊區	Jiao1 Qu1	suburban district, outskirts, suburbs, CL:個|个[gè],	5
郊区	郊區	jiao1 qu1	suburban district, outskirts, suburbs, CL:個|个[gè],	5
胶水	膠水	jiao1 shui3	glue,	5
角度	角度	jiao3 du4	angle, point of view,	5
狡猾	狡猾	jiao3 hua2	crafty, cunning, sly,	5
教材	教材	jiao4 cai2	teaching material, CL:本[běn],	5
教练	教練	jiao4 lian4	instructor, sports coach, trainer, CL:個|个,位,名[míng],	5
教训	教訓	jiao4 xun5	lesson, moral, to chide sb, to lecture sb,	5
接触	接觸	jie1 chu4	to touch, to contact, access, in touch with,	5
接待	接待	jie1 dai4	to receive (a visitor), to admit (allow sb to enter),	5
接近	接近	jie1 jin4	to approach, to get close to,	5
接着	接着	jie1 zhe5	to catch and hold on, to continue, to go on to do sth, to follow, to carry on, then, after that, subsequently, to proceed, to ensue, in turn, in one's turn,	5
阶段	階段	jie1 duan4	stage, section, phase, period, CL:個|个[gè],	5
结实	結實	jie1 shi2	rugged, sturdy,	5
结实	結實	jie1 shi5	rugged, sturdy,	5
节	節	jie1	festival, holiday, node, joint, section, segment, part, to economize, to save, to abridge, moral integrity, classifier for segments, e.g. lessons, train wagons, biblical verses, CL:個|个[gè],	5
节	節	jie2	festival, holiday, node, joint, section, segment, part, to economize, to save, to abridge, moral integrity, classifier for segments, e.g. lessons, train wagons, biblical verses, CL:個|个[gè],	5
节省	節省	jie2 sheng3	saving, to save, to use sparingly, to cut down on,	5
结构	結構	jie2 gou4	structure, composition, makeup, architecture, CL:座,個|个[gè],	5
结合	結合	jie2 he2	to combine, to link, to integrate, binding, CL:次[cì],	5
结论	結論	jie2 lun4	conclusion, verdict, CL:個|个[gè], to conclude, to reach a verdict,	5
结账	結賬	jie2 zhang4	to pay the bill, to settle accounts, also written 結帳|结帐,	5
解放	解放	jie3 fang4	to liberate, to emancipate, liberation, refers to the Communists' victory over the Nationalists in 1949, CL:次[cì],	5
解说员	解說員	jie3 shuo1 yuan2	commentator,	5
届	屆	jie4	to arrive at (place or time), period, to become due, classifier for events, meetings, elections, sporting fixtures, years (of graduation),	5
借口	借口	jie4 kou3	to use as an excuse, on the pretext, excuse, pretext,	5
戒烟	戒煙	jie4 yan1	to give up smoking,	5
戒指	戒指	jie4 zhi5	(finger) ring,	5
金属	金屬	jin1 shu3	metal, CL:種|种[zhǒng],	5
紧	緊	jin3	tight, strict, close at hand, near, urgent, tense, hard up, short of money, to tighten,	5
紧急	緊急	jin3 ji2	urgent, emergency,	5
尽量	盡量	jin3 liang4	as much as possible, to the greatest extent,	5
尽量	盡量	jin4 liang4	as much as possible, to the greatest extent,	5
谨慎	謹慎	jin3 shen4	cautious, prudent,	5
进步	進步	jin4 bu4	progress, improvement, to improve, to progress, CL:個|个[gè],	5
进口	進口	jin4 kou3	to import, imported,	5
近代	近代	jin4 dai4	modern times,	5
尽力	盡力	jin4 li4	to strive one's hardest, to spare no effort,	5
精力	精力	jing1 li4	energy,	5
经典	經典	jing1 dian3	the classics, scriptures, classical,	5
经营	經營	jing1 ying2	to engage in (business etc), to run, to operate,	5
景色	景色	jing3 se4	scenery, scene, landscape, view,	5
敬爱	敬愛	jing4 ai4	respect and love,	5
酒吧	酒吧	jiu3 ba1	bar, pub, saloon, CL:家[jiā],	5
救	救	jiu4	to save, to assist, to rescue,	5
救	救	jiu4	to save, to assist, to rescue,	5
救护车	救護車	jiu4 hu4 che1	ambulance, CL:輛|辆[liàng],	5
舅舅	舅舅	jiu4 jiu5	mother's brother, maternal uncle (informal), CL:個|个[gè],	5
居然	居然	ju1 ran2	unexpectedly, to one's surprise, go so far as to,	5
桔子	桔子	ju2 zi5	tangerine, also written 橘子,	5
举	舉	ju3	to lift, to hold up, to cite, to enumerate, to act, to raise, to choose, to elect,	5
举	舉	ju3	to lift, to hold up, to cite, to enumerate, to act, to raise, to choose, to elect,	5
具备	具備	ju4 bei4	to possess, to have, equipped with, able to fulfill (conditions or requirements),	5
具体	具體	ju4 ti3	concrete, definite, specific,	5
巨大	巨大	ju4 da4	huge, immense, very large, tremendous, gigantic, enormous,	5
聚会	聚會	ju4 hui4	party, gathering, to meet, to get together,	5
俱乐部	俱樂部	ju4 le4 bu4	club (i.e. a group or organization) (loanword), CL:個|个[gè],	5
据说	據說	ju4 shuo1	it is said that, reportedly,	5
捐	捐	juan1	to contribute, to donate, contribution, tax, to abandon,	5
卷	卷	juan3	to roll (up), to sweep up, to carry on, roll,	5
卷	卷	juan4	to roll (up), to sweep up, to carry on, roll,	5
卷	卷	juan3	to roll (up), to sweep up, to carry on, roll,	5
决赛	決賽	jue2 sai4	finals (of a competition),	5
决心	決心	jue2 xin1	determination, resolution, determined, firm and resolute, to make up one's mind, CL:個|个[gè],	5
绝对	絕對	jue2 dui4	absolute, unconditional,	5
角色	角色	jue2 se4	role,	5
军事	軍事	jun1 shi4	military affairs, military matters, military,	5
均匀	均勻	jun1 yun2	even, well-distributed, homogeneous,	5
卡车	卡車	ka3 che1	truck, CL:輛|辆[liàng],	5
开发	開發	kai1 fa1	to exploit (a resource), to open up (for development), to develop,	5
开放	開放	kai1 fang4	to bloom, to open, to be open-minded, to be open (to the public), to open up (to the outside),	5
开幕式	開幕式	kai1 mu4 shi4	opening ceremony,	5
开心	開心	kai1 xin1	to feel happy, to rejoice, to have a great time, to make fun of sb,	5
砍	砍	kan3	to chop, to cut down, to throw sth at sb,	5
看不起	看不起	kan4 bu5 qi3	to look down upon, to despise,	5
看来	看來	kan4 lai5	apparently, it seems that,	5
抗议	抗議	kang4 yi4	to protest, protest,	5
烤鸭	烤鴨	kao3 ya1	roast duck,	5
颗	顆	ke1	classifier for small spheres, pearls, corn grains, teeth, hearts, satellites etc,	5
可见	可見	ke3 jian4	it can clearly be seen (that this is the case), it is (thus) clear, clear, visible,	5
可靠	可靠	ke3 kao4	reliable,	5
可怕	可怕	ke3 pa4	awful, dreadful, fearful, formidable, frightful, scary, hideous, horrible, terrible, terribly,	5
刻苦	刻苦	ke4 ku3	hardworking, assiduous,	5
课程	課程	ke4 cheng2	course, academic program, CL:堂,節|节,門|门[mén],	5
克	克	Ke4	variant of 克[kè], to subdue, to overthrow, to restrain,	5
克	克	ke4	variant of 克[kè], to subdue, to overthrow, to restrain,	5
克	克	Ke4	variant of 克[kè], to subdue, to overthrow, to restrain,	5
克	克	ke4	variant of 克[kè], to subdue, to overthrow, to restrain,	5
克	克	ke4	variant of 克[kè], to subdue, to overthrow, to restrain,	5
克服	克服	ke4 fu2	(try to) overcome (hardships etc), to conquer, to put up with, to endure,	5
客观	客觀	ke4 guan1	objective, impartial,	5
客厅	客廳	ke4 ting1	drawing room (room for arriving guests), living room, CL:間|间[jiān],	5
空间	空間	kong1 jian1	space, CL:個|个[gè],	5
恐怖	恐怖	kong3 bu4	terrible, frightful, frightening, terror, terrorist,	5
空闲	空閒	kong4 xian2	idle, free time, leisure,	5
控制	控制	kong4 zhi4	control, to exercise control over, to contain,	5
口味	口味	kou3 wei4	a person's preferences, tastes (in food), flavor,	5
夸	誇	kua1	to boast, to exaggerate, to praise,	5
夸	誇	kua1	to boast, to exaggerate, to praise,	5
会计	會計	kuai4 ji4	accountant, accountancy, accounting,	5
矿泉水	礦泉水	kuang4 quan2 shui3	mineral spring water, CL:瓶,杯[bēi],	5
辣椒	辣椒	la4 jiao1	hot pepper, chili,	5
蜡烛	蠟燭	la4 zhu2	candle, CL:根,支[zhī],	5
来自	來自	lai2 zi4	to come from (a place), From: (in email header),	5
拦	攔	lan2	to cut off, to hinder,	5
烂	爛	lan4	soft, mushy, well-cooked and soft, to rot, to decompose, rotten, worn out, chaotic, messy, utterly, thoroughly,	5
狼	狼	lang2	wolf, CL:匹,隻|只,條|条[tiáo],	5
劳动	勞動	lao2 dong4	work, toil, physical labor, CL:次[cì],	5
劳驾	勞駕	lao2 jia4	excuse me,	5
老百姓	老百姓	lao3 bai3 xing4	"ordinary people, the ""person in the street"", CL:個|个[gè],"	5
老板	老板	lao3 ban3	boss, business proprietor, CL:個|个[gè],	5
老板	老板	Lao3 ban3	boss, business proprietor, CL:個|个[gè],	5
老板	老板	lao3 ban3	boss, business proprietor, CL:個|个[gè],	5
老实	老實	lao3 shi5	honest, sincere, open and guileless, naive,	5
老鼠	老鼠	lao3 shu3	rat, mouse, CL:隻|只[zhī],	5
姥姥	姥姥	lao3 lao5	(informal) mother's mother, maternal grandmother,	5
乐观	樂觀	le4 guan1	optimistic, hopeful,	5
雷	雷	Lei2	thunder, (internet slang) terrifying, terrific,	5
雷	雷	lei2	thunder, (internet slang) terrifying, terrific,	5
类	類	lei4	kind, type, class, category, similar, like, to resemble,	5
梨	梨	li2	pear, CL:個|个[gè],	5
离婚	離婚	li2 hun1	to divorce, divorced from (one's spouse),	5
厘米	釐米	li2 mi3	centimeter, also written 厘米,	5
礼拜天	禮拜天	Li3 bai4 tian1	Sunday,	5
理论	理論	li3 lun4	theory, CL:個|个[gè],	5
理由	理由	li3 you2	reason, grounds, justification, CL:個|个[gè],	5
粒	粒	li4	grain, granule, classifier for small round things (peas, bullets, peanuts, pills, grains etc),	5
立方	立方	li4 fang1	cube,	5
立即	立即	li4 ji2	immediately,	5
立刻	立刻	li4 ke4	forthwith, immediate, prompt, promptly, straightway, thereupon, at once,	5
力量	力量	li4 liang5	power, force, strength,	5
利润	利潤	li4 run4	profits,	5
利息	利息	li4 xi1	interest (on a loan), CL:筆|笔[bǐ],	5
利益	利益	li4 yi4	benefit, (in sb's) interest, CL:個|个[gè],	5
利用	利用	li4 yong4	exploit, make use of, to use, to take advantage of, to utilize,	5
连忙	連忙	lian2 mang2	promptly, at once,	5
连续剧	連續劇	lian2 xu4 ju4	serialized drama, dramatic series, show in parts,	5
联合	聯合	lian2 he2	to combine, to join, unite, alliance,	5
恋爱	戀愛	lian4 ai4	(romantic) love, CL:個|个,場|场[chǎng], in love, to have an affair,	5
良好	良好	liang2 hao3	good, favorable, well, fine,	5
粮食	糧食	liang2 shi5	foodstuff, cereals, CL:種|种[zhǒng],	5
了不起	了不起	liao3 bu5 qi3	amazing, terrific, extraordinary,	5
临时	臨時	lin2 shi2	at the instant sth happens, temporary, interim, ad hoc,	5
铃	鈴	ling2	(small) bell, CL:隻|只[zhī],	5
零件	零件	ling2 jian4	part, component,	5
零钱	零錢	ling2 qian2	change (of money), small change, pocket money,	5
零食	零食	ling2 shi2	between-meal nibbles, snacks,	5
灵活	靈活	ling2 huo2	flexible, nimble, agile,	5
领导	領導	ling3 dao3	lead, leading, to lead, leadership, leader, CL:位,個|个[gè],	5
领域	領域	ling3 yu4	domain, sphere, field, territory, area,	5
流传	流傳	liu2 chuan2	to spread, to circulate, to hand down,	5
浏览	瀏覽	liu2 lan3	to skim over, to browse,	5
龙	龍	Long2	dragon, CL:條|条[tiáo], imperial,	5
龙	龍	long2	dragon, CL:條|条[tiáo], imperial,	5
漏	漏	lou4	to leak, to divulge, to leave out by mistake, waterclock or hourglass (old),	5
露	露	Lu4	dew, syrup, nectar, outdoors (not under cover), to show, to reveal, to betray, to expose,	5
露	露	lou4	dew, syrup, nectar, outdoors (not under cover), to show, to reveal, to betray, to expose,	5
露	露	lu4	dew, syrup, nectar, outdoors (not under cover), to show, to reveal, to betray, to expose,	5
陆地	陸地	lu4 di4	dry land (as opposed to the sea),	5
陆续	陸續	lu4 xu4	in turn, successively, one after the other, bit by bit,	5
录取	錄取	lu4 qu3	to recruit, to enroll,	5
录音	錄音	lu4 yin1	to record (sound), sound recording, CL:個|个[gè],	5
轮流	輪流	lun2 liu2	to alternate, to take turns,	5
论文	論文	lun4 wen2	paper, treatise, thesis, CL:篇[piān], to discuss a paper or thesis (old),	5
逻辑	邏輯	luo2 ji5	logic (loanword),	5
落后	落後	luo4 hou4	to fall behind, to lag (in technology etc), backward, to retrogress,	5
骂	罵	ma4	to scold, to abuse, CL:通,頓|顿[dùn],	5
骂	罵	ma4	to scold, to abuse, CL:通,頓|顿[dùn],	5
麦克风	麥克風	mai4 ke4 feng1	microphone (loanword),	5
馒头	饅頭	man2 tou5	steamed roll, steamed bun, steamed bread, CL:個|个[gè],	5
满足	滿足	man3 zu2	to satisfy, to meet (the needs of), satisfied, content,	5
毛	毛	Mao2	hair, feather, down, wool, mildew, mold, coarse or semifinished, young, raw, careless, unthinking, nervous, scared, (of currency) to devalue or depreciate, classifier for Chinese fractional monetary unit ( = 角 , = 1, 10 yuan or 10 fen 分),	5
毛	毛	mao2	hair, feather, down, wool, mildew, mold, coarse or semifinished, young, raw, careless, unthinking, nervous, scared, (of currency) to devalue or depreciate, classifier for Chinese fractional monetary unit ( = 角 , = 1, 10 yuan or 10 fen 分),	5
毛病	毛病	mao2 bing4	fault, defect, shortcomings, ailment, CL:個|个[gè],	5
矛盾	矛盾	mao2 dun4	contradictory, contradiction, CL:個|个[gè],	5
冒险	冒險	mao4 xian3	to take risks, to take chances, foray, adventure,	5
贸易	貿易	mao4 yi4	(commercial) trade, CL:個|个[gè],	5
眉毛	眉毛	mei2 mao5	eyebrow, CL:根[gēn],	5
煤炭	煤炭	mei2 tan4	coal,	5
美术	美術	mei3 shu4	art, fine arts, painting, CL:種|种[zhǒng],	5
魅力	魅力	mei4 li4	charm, fascination, glamor, charisma,	5
迷路	迷路	mi2 lu4	to lose the way, lost, labyrinth, labyrinthus vestibularis (of the inner ear),	5
谜语	謎語	mi2 yu3	riddle, conundrum,	5
密切	密切	mi4 qie4	close, familiar, intimate, closely (related), to foster close ties, to pay close attention,	5
蜜蜂	蜜蜂	mi4 feng1	bee, honeybee, CL:隻|只,群[qún],	5
秘密	祕密	mi4 mi4	secret, CL:個|个[gè],	5
秘书	祕書	mi4 shu1	secretary,	5
棉花	棉花	mian2 hua5	cotton,	5
面对	面對	mian4 dui4	to confront, to face,	5
面积	面積	mian4 ji1	area (of a floor, piece of land etc), surface area, tract of land,	5
面临	面臨	mian4 lin2	to face sth, to be confronted with,	5
描写	描寫	miao2 xie3	to describe, to depict, to portray, description,	5
苗条	苗條	miao2 tiao5	slim, slender, graceful,	5
秒	秒	miao3	second (of time), unit of angle or arc equivalent to one sixtieth of a degree,	5
民主	民主	min2 zhu3	democracy,	5
明确	明確	ming2 que4	clear-cut, definite, explicit, to clarify, to specify, to make definite,	5
明显	明顯	ming2 xian3	clear, distinct, obvious,	5
明信片	明信片	ming2 xin4 pian4	postcard,	5
明星	明星	ming2 xing1	star, celebrity,	5
名牌	名牌	ming2 pai2	famous brand,	5
名片	名片	ming2 pian4	(business) card,	5
名胜	名勝	ming2 sheng4	a place famous for its scenery or historical relics, scenic spot, CL:處|处[chù],	5
命令	命令	ming4 ling4	order, command, CL:道,個|个[gè],	5
命运	命運	ming4 yun4	fate, destiny, CL:個|个[gè],	5
摸	摸	mo1	to feel with the hand, to touch, to stroke, to grope, to feel (one's pulse),	5
摸	摸	mo2	to feel with the hand, to touch, to stroke, to grope, to feel (one's pulse),	5
摩托车	摩託車	mo2 tuo1 che1	motorbike, motorcycle, CL:輛|辆,部[bù],	5
模仿	模仿	mo2 fang3	to imitate, to copy, to emulate, to mimic, model,	5
模糊	模糊	mo2 hu5	vague, indistinct, fuzzy,	5
陌生	陌生	mo4 sheng1	strange, unfamiliar,	5
某	某	mou3	some, a certain, sb or sth indefinite, such-and-such,	5
目标	目標	mu4 biao1	target, goal, objective, CL:個|个[gè],	5
目录	目錄	mu4 lu4	catalog, table of contents, directory (on computer hard drive), list, contents,	5
目前	目前	mu4 qian2	at the present time, currently,	5
木头	木頭	mu4 tou5	slow-witted, blockhead, log (of wood, timber etc), CL:塊|块,根[gēn],	5
哪怕	哪怕	na3 pa4	even, even if, even though, no matter how,	5
难怪	難怪	nan2 guai4	(it's) no wonder (that...), (it's) not surprising (that),	5
难看	難看	nan2 kan4	ugly, unsightly,	5
脑袋	腦袋	nao3 dai5	head, skull, brains, mental capability, CL:顆|颗,個|个[gè],	5
内科	內科	nei4 ke1	internal medicine, general medicine,	5
嫩	嫩	nen4	tender, soft, delicate, light (color), inexperienced, unskilled,	5
嫩	嫩	nen4	tender, soft, delicate, light (color), inexperienced, unskilled,	5
能干	能幹	neng2 gan4	capable, competent,	5
能源	能源	neng2 yuan2	energy, power source, CL:個|个[gè],	5
年代	年代	nian2 dai4	a decade of a century (e.g. the Sixties), age, era, period, CL:個|个[gè],	5
年纪	年紀	nian2 ji4	age, CL:把,個|个[gè],	5
念	念	nian4	to read, to study (a degree course), to read aloud, to miss (sb), idea, remembrance, twenty (banker's anti-fraud numeral corresponding to 廿, 20),	5
念	念	nian4	to read, to study (a degree course), to read aloud, to miss (sb), idea, remembrance, twenty (banker's anti-fraud numeral corresponding to 廿, 20),	5
宁可	寧可	ning4 ke3	preferably, one would prefer to...(or not to...), would rather, (would) be better to, (to pick) the lesser of two evils,	5
牛仔裤	牛仔褲	niu2 zai3 ku4	jeans, CL:條|条[tiáo], also written 牛崽褲|牛崽裤,	5
浓	濃	nong2	concentrated, dense,	5
农民	農民	nong2 min2	peasant, CL:個|个[gè],	5
农业	農業	nong2 ye4	agriculture, farming,	5
女士	女士	nu:3 shi4	lady, madam, CL:個|个,位[wèi], Miss, Ms,	5
偶然	偶然	ou3 ran2	incidentally, occasional, occasionally, by chance, randomly,	5
拍	拍	pai1	to pat, to clap, to slap, to swat, to take (a photo), to shoot (a film), racket (sports), beat (music),	5
排队	排隊	pai2 dui4	to line up,	5
排球	排球	pai2 qiu2	volleyball, CL:個|个[gè],	5
派	派	pa1	clique, school, group, faction, to dispatch, to send, to assign, to appoint, pi (Greek letter Ππ), the circular ratio pi = 3.1415926, (loanword) pie,	5
派	派	pai4	clique, school, group, faction, to dispatch, to send, to assign, to appoint, pi (Greek letter Ππ), the circular ratio pi = 3.1415926, (loanword) pie,	5
盼望	盼望	pan4 wang4	to hope for, to look forward to,	5
赔偿	賠償	pei2 chang2	to compensate,	5
培养	培養	pei2 yang3	to cultivate, to breed, to foster, to nurture, to educate, to groom (for a position), education, fostering, culture (biology),	5
配合	配合	pei4 he2	matching, fitting in with, compatible with, to correspond, to fit, to conform to, rapport, to coordinate with, to act in concert with, to cooperate, to become man and wife, to combine parts of machine,	5
佩服	佩服	pei4 fu2	to admire,	5
盆	盆	pen2	basin, flower pot, unit of volume equal to 12 斗 and 8 升, approx 128 liters, CL:個|个[gè],	5
碰见	碰見	peng4 jian4	to run into, to meet (unexpectedly), to bump into,	5
披	披	pi1	to drape over one's shoulders, to open, to unroll, to split open, to spread out,	5
批	批	pi1	to ascertain, to act on, to criticize, to pass on, classifier for batches, lots, military flights, tier (for the ranking of universities and colleges),	5
批准	批準	pi1 zhun3	to approve, to ratify,	5
疲劳	疲勞	pi2 lao2	fatigue, wearily, weariness, weary,	5
皮鞋	皮鞋	pi2 xie2	leather shoes,	5
匹	匹	pi3	classifier for horses, mules etc, Taiwan pr. [pī], ordinary person, classifier for cloth: bolt, horsepower,	5
匹	匹	pi3	classifier for horses, mules etc, Taiwan pr. [pī], ordinary person, classifier for cloth: bolt, horsepower,	5
片	片	pian1	thin piece, flake, a slice, film, TV play, to slice, to carve thin, partial, incomplete, one-sided, classifier for slices, tablets, tract of land, area of water, classifier for CDs, movies, DVDs etc, used with numeral 一: classifier for scenario, scene, feeling, atmosphere, sound etc,	5
片	片	pian4	thin piece, flake, a slice, film, TV play, to slice, to carve thin, partial, incomplete, one-sided, classifier for slices, tablets, tract of land, area of water, classifier for CDs, movies, DVDs etc, used with numeral 一: classifier for scenario, scene, feeling, atmosphere, sound etc,	5
片面	片面	pian4 mian4	unilateral, one-sided,	5
飘	飄	piao1	to float,	5
飘	飄	piao1	to float,	5
频道	頻道	pin2 dao4	frequency, (television) channel,	5
品种	品種	pin3 zhong3	breed, variety, CL:個|个[gè],	5
凭	憑	ping2	to lean against, to rely on, on the basis of, no matter (how, what etc), proof,	5
凭	憑	ping2	to lean against, to rely on, on the basis of, no matter (how, what etc), proof,	5
平	平	Ping2	flat, level, equal, to tie (make the same score), to draw (score), calm, peaceful, see also 平聲|平声[píng shēng],	5
平	平	ping2	flat, level, equal, to tie (make the same score), to draw (score), calm, peaceful, see also 平聲|平声[píng shēng],	5
平常	平常	ping2 chang2	ordinary, common, usually, ordinarily,	5
平等	平等	ping2 deng3	equal, equality,	5
平方	平方	ping2 fang1	square (as in square foot, square mile, square root),	5
平衡	平衡	ping2 heng2	balance, equilibrium,	5
平静	平靜	ping2 jing4	tranquil, undisturbed, serene,	5
平均	平均	ping2 jun1	average,	5
评价	評價	ping2 jia4	to evaluate, to assess,	5
破产	破產	po4 chan3	to go bankrupt, to become impoverished, bankruptcy,	5
破坏	破壞	po4 huai4	destruction, damage, to wreck, to break, to destroy,	5
迫切	迫切	po4 qie4	urgent, pressing,	5
朴素	樸素	pu3 su4	plain and simple, unadorned, simple living, not frivolous,	5
期待	期待	qi1 dai4	to look forward to, to await, expectation,	5
期间	期間	qi1 jian1	period of time, time, time period, period, CL:個|个[gè],	5
其余	其餘	qi2 yu2	the rest, the others, remaining, remainder, apart from them,	5
奇迹	奇跡	qi2 ji4	miracle, miraculous, wonder, marvel,	5
奇迹	奇跡	qi2 ji4	miracle, miraculous, wonder, marvel,	5
启发	啓發	qi3 fa1	to enlighten, to explain and arouse interest, to inspire, inspiration, heuristic (attributively), to teach, CL:個|个[gè],	5
企图	企圖	qi3 tu2	to attempt, to try, attempt, CL:種|种[zhǒng],	5
企业	企業	qi3 ye4	company, firm, enterprise, corporation, CL:家[jiā],	5
气氛	氣氛	qi4 fen1	atmosphere, mood,	5
汽油	汽油	qi4 you2	gasoline,	5
牵	牽	qian1	to pull (an animal on a tether), to lead along, to hold hands,	5
签字	籤字	qian1 zi4	to sign (a signature),	5
谦虚	謙虛	qian1 xu1	modest, self-effacing, to make modest remarks,	5
前途	前途	qian2 tu2	prospects, future outlook, journey,	5
浅	淺	jian1	shallow, light (color),	5
浅	淺	qian3	shallow, light (color),	5
欠	欠	qian4	deficient, to owe, to lack, yawn,	5
枪	槍	Qiang1	gun, firearm, rifle, spear, thing with shape or function similar to a gun, CL:支,把,杆,條|条,枝[zhī], to substitute for another person in a test, to knock, classifier for rifle shots,	5
枪	槍	qiang1	gun, firearm, rifle, spear, thing with shape or function similar to a gun, CL:支,把,杆,條|条,枝[zhī], to substitute for another person in a test, to knock, classifier for rifle shots,	5
枪	槍	qiang1	gun, firearm, rifle, spear, thing with shape or function similar to a gun, CL:支,把,杆,條|条,枝[zhī], to substitute for another person in a test, to knock, classifier for rifle shots,	5
强调	強調	qiang2 diao4	to emphasize (a statement), to stress,	5
强烈	強烈	qiang2 lie4	intense, (violently) strong,	5
抢	搶	qiang1	to fight over, to rush, to scramble, to grab, to rob, to snatch,	5
抢	搶	qiang3	to fight over, to rush, to scramble, to grab, to rob, to snatch,	5
悄悄	悄悄	qiao1 qiao1	quietly, secretly, stealthily, quiet, worried, Taiwan pr. [qiǎo qiǎo],	5
瞧	瞧	qiao2	to look at, to see, to see (a doctor), to visit,	5
巧妙	巧妙	qiao3 miao4	ingenious, clever, ingenuity, artifice,	5
切	切	qie1	to cut, to slice, tangent (math),	5
切	切	qie4	to cut, to slice, tangent (math),	5
亲爱	親愛	qin1 ai4	dear, beloved, darling,	5
亲切	親切	qin1 qie4	amiable, cordial, close and dear, familiar,	5
亲自	親自	qin1 zi4	personally,	5
侵略	侵略	qin1 lu:e4	invasion, encroachment,	5
勤奋	勤奮	qin2 fen4	hardworking, diligent,	5
勤劳	勤勞	qin2 lao2	hardworking, industrious, diligent,	5
青	青	Qing1	nature's color, green or blue, greenish black, youth, young (of people), abbr. for Qinghai province 青海,	5
青	青	qing1	nature's color, green or blue, greenish black, youth, young (of people), abbr. for Qinghai province 青海,	5
青春	青春	qing1 chun1	youth, youthfulness,	5
青少年	青少年	qing1 shao4 nian2	adolescent, youth, teenager,	5
轻视	輕視	qing1 shi4	contempt, contemptuous, to despise, to scorn, scornful,	5
清淡	清淡	qing1 dan4	light (of food, not greasy or strongly flavored), insipid, slack (sales),	5
情景	情景	qing2 jing3	scene, sight, circumstances, CL:個|个[gè],	5
情绪	情緒	qing2 xu4	mood, state of mind, moodiness, CL:種|种[zhǒng],	5
请求	請求	qing3 qiu2	request, CL:個|个[gè],	5
庆祝	慶祝	qing4 zhu4	to celebrate,	5
球迷	球迷	qiu2 mi2	soccer fan, crazy about ball sports, CL:個|个[gè],	5
趋势	趨勢	qu1 shi4	trend, tendency,	5
娶	娶	qu3	to take a wife, to marry (a woman),	5
取消	取消	qu3 xiao1	to cancel, cancellation,	5
去世	去世	qu4 shi4	to pass away, to die,	5
圈	圈	juan1	circle, ring, loop, classifier for loops, orbits, laps of race etc, CL:個|个[gè], to surround, to circle,	5
圈	圈	juan4	circle, ring, loop, classifier for loops, orbits, laps of race etc, CL:個|个[gè], to surround, to circle,	5
圈	圈	quan1	circle, ring, loop, classifier for loops, orbits, laps of race etc, CL:個|个[gè], to surround, to circle,	5
全面	全面	quan2 mian4	all-around, comprehensive, total, overall,	5
权力	權力	quan2 li4	power, authority,	5
权利	權利	quan2 li4	power, right, privilege,	5
劝	勸	quan4	to advise, to urge, to try to persuade, to exhort,	5
缺乏	缺乏	que1 fa2	shortage, be lacking, to be short of, to lack, scarcity,	5
确定	確定	que4 ding4	definite, certain, fixed, to fix (on sth), to determine, to be sure, to ensure, to make certain, to ascertain, to clinch, to recognize, to confirm, OK (on computer dialog box),	5
确认	確認	que4 ren4	to confirm, to verify, confirmation,	5
燃烧	燃燒	ran2 shao1	to ignite, to combust, to burn, combustion, flaming,	5
嚷	嚷	rang3	blurt out, to shout,	5
绕	繞	rao4	to wind, to coil (thread), to rotate around, to spiral, to move around, to go round (an obstacle), to by-pass, to make a detour, to confuse, to perplex,	5
绕	繞	rao4	to wind, to coil (thread), to rotate around, to spiral, to move around, to go round (an obstacle), to by-pass, to make a detour, to confuse, to perplex,	5
热爱	熱愛	re4 ai4	to love ardently, to adore,	5
热烈	熱烈	re4 lie4	warm (welcome etc),	5
热心	熱心	re4 xin1	enthusiasm, zeal, zealous, zest, enthusiastic, ardent, warmhearted,	5
人才	人才	ren2 cai2	a person's talent, talented person, distinguished person, a talent (worth head-hunting), person's looks, an attractive woman, used interchangeably with 人材, CL:個|个[gè],	5
人口	人口	ren2 kou3	population,	5
人类	人類	ren2 lei4	humanity, human race, mankind,	5
人生	人生	ren2 sheng1	life (one's time on earth),	5
人事	人事	ren2 shi4	human affairs, ways of the world, consciousness of the world, what is humanly possible, personnel matters, sexual awareness, sexual passion, facts of life,	5
人物	人物	ren2 wu4	person, character (in a play, novel etc), protagonist, CL:個|个[gè],	5
人员	人員	ren2 yuan2	staff, crew, personnel, CL:個|个[gè],	5
忍不住	忍不住	ren3 bu5 zhu4	cannot help, unable to bear,	5
日常	日常	ri4 chang2	daily, everyday,	5
日程	日程	ri4 cheng2	schedule, itinerary, CL:個|个[gè],	5
日历	日歷	ri4 li4	calendar, CL:張|张,本[běn],	5
日期	日期	ri4 qi1	date, CL:個|个[gè],	5
日用品	日用品	ri4 yong4 pin3	articles for daily use, CL:件,個|个[gè],	5
融化	融化	rong2 hua4	to melt, to thaw, to dissolve, to blend into, to combine, to fuse,	5
荣幸	榮幸	rong2 xing4	honored,	5
荣誉	榮譽	rong2 yu4	honor, credit, glory, (honorable) reputation, honorary,	5
如何	如何	ru2 he2	how, what way, what,	5
如今	如今	ru2 jin1	nowadays, now,	5
软件	軟件	ruan3 jian4	(computer) software,	5
弱	弱	ruo4	weak, feeble, young, inferior, (following a decimal or fraction) slightly less than,	5
洒	灑	sa3	to sprinkle, to spray, to spill, to shed,	5
嗓子	嗓子	sang3 zi5	throat, voice, CL:把[bǎ],	5
杀	殺	sha1	to kill, to murder, to fight, to weaken or reduce, to smart (topolect), to counteract, (used after a verb) extremely,	5
沙漠	沙漠	sha1 mo4	desert, CL:個|个[gè],	5
沙滩	沙灘	sha1 tan1	beach, sandy shore, CL:片[piàn],	5
傻	傻	sha3	foolish,	5
晒	曬	shai4	"to dry in the sun, to sunbathe, to share files (loan from ""share""),"	5
晒	曬	shai4	"to dry in the sun, to sunbathe, to share files (loan from ""share""),"	5
删除	刪除	shan1 chu2	to delete, to cancel,	5
闪电	閃電	shan3 dian4	lightning, CL:道[dào],	5
善良	善良	shan4 liang2	good and honest, kind-hearted,	5
善于	善於	shan4 yu2	to be good at, to be adept at,	5
扇子	扇子	shan4 zi5	fan, CL:把[bǎ],	5
商品	商品	shang1 pin3	good, commodity, merchandise, CL:個|个[gè],	5
商业	商業	shang1 ye4	business, trade, commerce,	5
上当	上當	shang4 dang4	taken in (by sb's deceit), to be fooled, to be duped,	5
勺子	勺子	shao2 zi5	scoop, ladle, CL:把[bǎ],	5
蛇	蛇	she2	snake, serpent, CL:條|条[tiáo],	5
蛇	蛇	she2	snake, serpent, CL:條|条[tiáo],	5
蛇	蛇	yi2	snake, serpent, CL:條|条[tiáo],	5
舌头	舌頭	she2 tou5	tongue, CL:個|个[gè], enemy soldier captured for the purpose of extracting information,	5
舍不得	舍不得	she3 bu5 de5	to hate to do sth, to hate to part with, to begrudge,	5
设备	設備	she4 bei4	equipment, facilities, installations, CL:個|个[gè],	5
设计	設計	she4 ji4	plan, design, to design, to plan, CL:個|个[gè],	5
设施	設施	she4 shi1	facilities, installation,	5
射击	射擊	she4 ji1	to shoot, to fire (a gun),	5
摄影	攝影	she4 ying3	to take a photograph, photography, to shoot (a movie),	5
伸	伸	shen1	to stretch, to extend,	5
深刻	深刻	shen1 ke4	profound, deep, deep-going,	5
身材	身材	shen1 cai2	stature, build (height and weight), figure,	5
身份	身份	shen1 fen4	identity, status, capacity, dignity, position, rank,	5
神话	神話	shen2 hua4	legend, fairy tale, myth, mythology,	5
神经	神經	shen2 jing1	nerve,	5
神秘	神祕	shen2 mi4	mysterious, mystery,	5
升	升	sheng1	variant of 升[shēng],	5
升	升	sheng1	variant of 升[shēng],	5
升	升	sheng1	variant of 升[shēng],	5
生产	生產	sheng1 chan3	childbirth, parturition, to produce, manufacture,	5
生动	生動	sheng1 dong4	vivid, lively,	5
声调	聲調	sheng1 diao4	tone, note, a tone (on a Chinese syllable), CL:個|个[gè],	5
绳子	繩子	sheng2 zi5	cord, string, rope, CL:條|条[tiáo],	5
省略	省略	sheng3 lu:e4	to leave out, an omission,	5
胜利	勝利	sheng4 li4	victory, CL:個|个[gè],	5
诗	詩	Shi1	poem, CL:首[shǒu], poetry, verse, abbr. for Book of Songs 詩經|诗经[Shī Jīng],	5
诗	詩	shi1	poem, CL:首[shǒu], poetry, verse, abbr. for Book of Songs 詩經|诗经[Shī Jīng],	5
失眠	失眠	shi1 mian2	to suffer from insomnia,	5
失去	失去	shi1 qu4	to lose,	5
失业	失業	shi1 ye4	unemployment, to lose one's job,	5
时代	時代	Shi2 dai4	age, era, epoch, period, CL:個|个[gè],	5
时代	時代	shi2 dai4	age, era, epoch, period, CL:個|个[gè],	5
时刻	時刻	shi2 ke4	moment, CL:個|个[gè], constantly, always,	5
时髦	時髦	shi2 mao2	in vogue, fashionable,	5
时期	時期	shi2 qi1	period, phase, CL:個|个[gè],	5
时尚	時尚	shi2 shang4	fashion, fad, fashionable,	5
实话	實話	shi2 hua4	truth,	5
实践	實踐	shi2 jian4	to practice, to put into practice, to fulfill,	5
实习	實習	shi2 xi2	to practice, field work, to intern, internship,	5
实现	實現	shi2 xian4	to achieve, to implement, to realize, to bring about,	5
实行	實行	shi2 xing2	to implement, to carry out, to put into practice,	5
实验	實驗	shi2 yan4	experiment, test, CL:個|个,次[cì], experimental, to experiment,	5
实用	實用	shi2 yong4	practical, functional, pragmatic, applied (science),	5
食物	食物	shi2 wu4	food, CL:種|种[zhǒng],	5
石头	石頭	shi2 tou5	stone, CL:塊|块[kuài],	5
使劲儿	使勁兒	shi3 jin4 r5	Rearing,	5
始终	始終	shi3 zhong1	from beginning to end, all along,	5
是否	是否	shi4 fou3	whether (or not), if, is or isn't,	5
试卷	試卷	shi4 juan4	examination paper, test paper, CL:份,張|张[zhāng],	5
士兵	士兵	shi4 bing1	soldier, CL:個|个[gè],	5
似的	似的	shi4 de5	seems as if, rather like,	5
事实	事實	shi4 shi2	fact, CL:個|个[gè],	5
事物	事物	shi4 wu4	thing, object, CL:個|个[gè],	5
事先	事先	shi4 xian1	in advance, before the event, beforehand, prior,	5
收获	收獲	shou1 huo4	to harvest, to reap, to gain, crop, harvest, profit, gain, bonus, reward,	5
收获	收獲	shou1 huo4	to harvest, to reap, to gain, crop, harvest, profit, gain, bonus, reward,	5
收据	收據	shou1 ju4	receipt, CL:張|张[zhāng],	5
手工	手工	shou3 gong1	handwork, manual,	5
手术	手術	shou3 shu4	(surgical) operation, surgery, CL:個|个[gè],	5
手套	手套	shou3 tao4	glove, mitten, CL:雙|双,隻|只[zhī],	5
手续	手續	shou3 xu4	procedure, CL:道,個|个[gè], formalities,	5
手指	手指	shou3 zhi3	finger, CL:個|个,隻|只[zhī],	5
受伤	受傷	shou4 shang1	to sustain injuries, wounded (in an accident etc), harmed,	5
寿命	壽命	shou4 ming4	life span, life expectancy,	5
书架	書架	shu1 jia4	bookshelf, CL:個|个[gè],	5
输入	輸入	shu1 ru4	to import, to input,	5
蔬菜	蔬菜	shu1 cai4	vegetables, produce, CL:種|种[zhǒng],	5
舒适	舒適	shu1 shi4	cozy, snug,	5
梳子	梳子	shu1 zi5	comb, CL:把[bǎ],	5
熟练	熟練	shu2 lian4	practiced, proficient, skilled, skillful,	5
鼠标	鼠標	shu3 biao1	mouse (computing),	5
属于	屬於	shu3 yu2	to be classified as, to belong to, to be part of,	5
数据	數據	shu4 ju4	data, numbers, digital,	5
数码	數碼	shu4 ma3	number, numerals, figures, digital, amount, numerical code,	5
摔	摔	shuai1	to throw down, to fall, to drop and break,	5
甩	甩	shuai3	to throw, to fling, to swing, to leave behind, to throw off, to dump (sb),	5
双方	雙方	shuang1 fang1	bilateral, both sides, both parties involved,	5
税	稅	shui4	taxes, duties,	5
说不定	說不定	shuo1 bu5 ding4	can't say for sure, maybe,	5
说服	說服	shuo1 fu2	to persuade, to convince, to talk sb over, Taiwan pr. [shuì fú],	5
撕	撕	si1	to tear,	5
丝绸	絲綢	si1 chou2	silk cloth, silk,	5
丝毫	絲毫	si1 hao2	the slightest amount or degree, a bit,	5
思考	思考	si1 kao3	to reflect on, to ponder over,	5
思想	思想	si1 xiang3	thought, thinking, idea, ideology, CL:個|个[gè],	5
私人	私人	si1 ren2	private, personal, interpersonal, sb with whom one has a close personal relationship, a member of one's clique,	5
似乎	似乎	si4 hu1	apparently, to seem, to appear, as if, seemingly,	5
寺庙	寺廟	si4 miao4	temple, monastery, shrine,	5
宿舍	宿舍	su4 she4	dormitory, dorm room, living quarters, hostel, CL:間|间[jiān],	5
随时	隨時	sui2 shi2	at any time, at all times, at the right time,	5
碎	碎	sui4	to break down, to break into pieces, fragmentary,	5
损失	損失	sun3 shi1	loss, damage, CL:個|个[gè], to lose, to damage,	5
缩短	縮短	suo1 duan3	to curtail, to cut down,	5
缩小	縮小	suo1 xiao3	to reduce, to decrease, to shrink,	5
锁	鎖	suo3	to lock up, to lock, CL:把[bǎ],	5
锁	鎖	suo3	to lock up, to lock, CL:把[bǎ],	5
所	所	suo3	actually, place, classifier for houses, small buildings, institutions etc, that which, particle introducing a relative clause or passive, CL:個|个[gè],	5
所谓	所謂	suo3 wei4	so-called, what is called,	5
塔	塔	ta3	pagoda, tower, minaret, stupa (abbr. loanword from Sanskrit tapo), CL:座[zuò],	5
塔	塔	ta3	pagoda, tower, minaret, stupa (abbr. loanword from Sanskrit tapo), CL:座[zuò],	5
台阶	臺階	tai2 jie1	steps, flight of steps, step (over obstacle), fig. way out of an embarrassing situation, bench (geology),	5
太极拳	太極拳	tai4 ji2 quan2	shadowboxing or Taiji, T'aichi or T'aichichuan, traditional form of physical exercise or relaxation, a martial art,	5
太太	太太	tai4 tai5	married woman, Mrs., Madam, wife, CL:個|个,位[wèi],	5
谈判	談判	tan2 pan4	to negotiate, negotiation, talks, conference, CL:個|个[gè],	5
坦率	坦率	tan3 shuai4	frank (discussion), blunt, open,	5
烫	燙	tang4	to scald, to burn, to iron, hot,	5
桃	桃	tao2	peach,	5
逃	逃	tao2	to escape, to run away, to flee,	5
逃避	逃避	tao2 bi4	to escape, to evade, to avoid, to shirk,	5
套	套	tao4	cover, sheath, to encase, a case, to overlap, to interleave, bend (of a river or mountain range, in place names), harness, classifier for sets, collections, tau (Greek letter Ττ),	5
特殊	特殊	te4 shu1	special, particular, unusual, extraordinary,	5
特意	特意	te4 yi4	specially, intentionally,	5
特征	特徵	te4 zheng1	characteristic, diagnostic property, distinctive feature, trait,	5
疼爱	疼愛	teng2 ai4	to love dearly,	5
提	提	di1	to carry (hanging down from the hand), to lift, to put forward, to mention, to raise (an issue), upwards character stroke, lifting brush stroke (in painting), scoop for measuring liquid,	5
提	提	ti2	to carry (hanging down from the hand), to lift, to put forward, to mention, to raise (an issue), upwards character stroke, lifting brush stroke (in painting), scoop for measuring liquid,	5
提倡	提倡	ti2 chang4	to promote, to advocate,	5
提纲	提綱	ti2 gang1	the key point, outline,	5
提问	提問	ti2 wen4	to question, to quiz, to grill,	5
题目	題目	ti2 mu4	subject, title, topic, CL:個|个[gè],	5
体会	體會	ti3 hui4	to know from experience, to learn through experience, to realize, understanding, experience,	5
体积	體積	ti3 ji1	volume, bulk, CL:個|个[gè],	5
体贴	體貼	ti3 tie1	considerate (of other people's needs),	5
体现	體現	ti3 xian4	to embody, to reflect, to incarnate,	5
体验	體驗	ti3 yan4	to experience for oneself,	5
天空	天空	tian1 kong1	sky,	5
天真	天真	tian1 zhen1	naive, innocent, artless,	5
田野	田野	tian2 ye3	field, open land, CL:片[piàn],	5
调皮	調皮	tiao2 pi2	naughty, mischievous, unruly,	5
调整	調整	tiao2 zheng3	to adjust, adjustment, revision, CL:個|个[gè],	5
挑战	挑戰	tiao3 zhan4	to challenge, challenge,	5
通常	通常	tong1 chang2	regular, usual, normal, usually, normally,	5
通讯	通訊	tong1 xun4	communications, news story, dispatch, CL:個|个[gè],	5
铜	銅	tong2	copper (chemistry), see also 紅銅|红铜[hóng tóng], CL:塊|块[kuài],	5
同时	同時	tong2 shi2	at the same time, simultaneously,	5
统一	統一	Tong3 yi1	to unify, to unite, to integrate,	5
统一	統一	tong3 yi1	to unify, to unite, to integrate,	5
统治	統治	tong3 zhi4	to rule (a country), to govern, rule, regime,	5
痛苦	痛苦	tong4 ku3	pain, suffering, painful, CL:個|个[gè],	5
痛快	痛快	tong4 kuai4	overjoyed, delighted, happily, heartily, enjoying, also pr. [tòng kuai],	5
投资	投資	tou2 zi1	investment, to invest,	5
透明	透明	tou4 ming2	transparent, open (non-secretive),	5
突出	突出	tu1 chu1	prominent, outstanding, to give prominence to, to protrude, to project,	5
土地	土地	tu3 di4	land, soil, territory, CL:片[piàn],	5
土地	土地	tu3 di5	land, soil, territory, CL:片[piàn],	5
土豆	土豆	tu3 dou4	potato, CL:個|个[gè], peanut (Taiwan), CL:顆|颗[kē],	5
吐	吐	tu3	to vomit, to throw up,	5
吐	吐	tu4	to vomit, to throw up,	5
兔子	兔子	tu4 zi5	hare, rabbit, CL:隻|只[zhī],	5
团	團	tuan2	dumpling,	5
团	團	tuan2	dumpling,	5
推辞	推辭	tui1 ci2	to decline (an appointment, invitation etc),	5
推广	推廣	tui1 guang3	to extend, to spread, to popularize, generalization, promotion (of a product etc),	5
推荐	推薦	tui1 jian4	to recommend, recommendation,	5
退	退	tui4	to retreat, to decline, to move back, to withdraw,	5
退步	退步	tui4 bu4	to do less well than before, to make a concession, setback, backward step, leeway, room to maneuver, fallback,	5
退休	退休	tui4 xiu1	to retire, retirement (from work),	5
歪	歪	wai1	askew, at a crooked angle, devious, noxious,	5
歪	歪	wai3	askew, at a crooked angle, devious, noxious,	5
外交	外交	wai4 jiao1	diplomacy, diplomatic, foreign affairs, CL:個|个[gè],	5
弯	彎	wan1	bend, bent, CL:道[dào],	5
完美	完美	wan2 mei3	perfect, perfection, perfectly,	5
完善	完善	wan2 shan4	perfect, to make perfect, to improve,	5
完整	完整	wan2 zheng3	complete, intact,	5
玩具	玩具	wan2 ju4	plaything, toy,	5
万一	萬一	wan4 yi1	just in case, if by any chance, contingency,	5
王子	王子	wang2 zi3	prince, son of a king,	5
往返	往返	wang3 fan3	to go back and forth, to go to and fro, round trip,	5
微笑	微笑	wei1 xiao4	smile, CL:個|个,絲|丝[sī], to smile,	5
威胁	威脅	wei1 xie2	to threaten, to menace,	5
危害	危害	wei1 hai4	to jeopardize, to harm, to endanger, CL:個|个[gè],	5
违反	違反	wei2 fan3	to violate (a law),	5
维护	維護	wei2 hu4	to defend, to safeguard, to protect, to uphold, to maintain,	5
围巾	圍巾	wei2 jin1	scarf, shawl, CL:條|条[tiáo],	5
围绕	圍繞	wei2 rao4	to revolve around, to center on (an issue),	5
唯一	唯一	wei2 yi1	only, sole,	5
尾巴	尾巴	wei3 ba5	tail,	5
伟大	偉大	wei3 da4	great, mighty, large,	5
委屈	委屈	wei3 qu5	to feel wronged, to cause sb to feel wronged, grievance,	5
委托	委託	wei3 tuo1	to entrust, to trust, to commission,	5
胃	胃	wei4	stomach, CL:個|个[gè],	5
位置	位置	wei4 zhi5	position, place, seat, CL:個|个[gè],	5
未必	未必	wei4 bi4	not necessarily, maybe not,	5
未来	未來	wei4 lai2	future, tomorrow, CL:個|个[gè], approaching, coming, pending,	5
卫生间	衛生間	wei4 sheng1 jian1	bathroom, toilet, WC, CL:間|间[jiān],	5
温暖	溫暖	wen1 nuan3	warm,	5
温柔	溫柔	wen1 rou2	gentle and soft, tender,	5
闻	聞	Wen2	to hear, news, well-known, famous, reputation, fame, to smell, to sniff at,	5
闻	聞	wen2	to hear, news, well-known, famous, reputation, fame, to smell, to sniff at,	5
文件	文件	wen2 jian4	document, file, CL:份[fèn],	5
文具	文具	wen2 ju4	stationery, item of stationery (pen, pencil, eraser, pencil sharpener etc),	5
文明	文明	wen2 ming2	civilized, civilization, culture, CL:個|个[gè],	5
文学	文學	wen2 xue2	literature, CL:種|种[zhǒng],	5
吻	吻	wen3	kiss, to kiss, mouth,	5
吻	吻	wen3	kiss, to kiss, mouth,	5
稳定	穩定	wen3 ding4	steady, stable, stability, to stabilize, to pacify,	5
问候	問候	wen4 hou4	to give one's respects, to send a greeting,	5
卧室	臥室	wo4 shi4	bedroom, CL:間|间[jiān],	5
屋子	屋子	wu1 zi5	house, room, CL:間|间[jiān],	5
无奈	無奈	wu2 nai4	helpless, without choice, for lack of better option, grudgingly, willy-nilly, nolens volens, abbr. for 無可奈何|无可奈何[wú kě nài hé],	5
无数	無數	wu2 shu4	countless, numberless, innumerable,	5
武器	武器	wu3 qi4	weapon, arms, CL:種|种[zhǒng],	5
武术	武術	wu3 shu4	military skill or technique (in former times), all kinds of martial art sports (some claiming spiritual development), self-defense, tradition of choreographed fights from opera and film (recent usage), also called kungfu 功夫, CL:種|种[zhǒng],	5
雾	霧	wu4	fog, mist, CL:場|场,陣|阵[zhèn],	5
物理	物理	wu4 li3	physics, physical,	5
物质	物質	wu4 zhi4	matter, substance, material, materialistic, CL:個|个[gè],	5
吸收	吸收	xi1 shou1	to absorb, to assimilate, to ingest, to recruit,	5
系	系	xi4	to connect, to arrest, to worry,	5
系	系	xi4	to connect, to arrest, to worry,	5
系	系	ji4	to connect, to arrest, to worry,	5
系	系	xi4	to connect, to arrest, to worry,	5
系统	系統	xi4 tong3	system, CL:個|个[gè],	5
细节	細節	xi4 jie2	details, particulars,	5
戏剧	戲劇	xi4 ju4	drama, play, theater,	5
瞎	瞎	xia1	blind, groundlessly, foolishly, to no purpose,	5
吓	嚇	he4	to frighten, to scare,	5
吓	嚇	xia4	to frighten, to scare,	5
下载	下載	xia4 zai3	to download, also pr. [xià zài],	5
鲜艳	鮮豔	xian1 yan4	bright-colored, gaily-colored,	5
鲜艳	鮮豔	xian1 yan4	bright-colored, gaily-colored,	5
显得	顯得	xian3 de5	to seem, to look, to appear,	5
显然	顯然	xian3 ran2	clear, evident, obvious(ly),	5
显示	顯示	xian3 shi4	to show, to illustrate, to display, to demonstrate,	5
县	縣	xian4	county,	5
现金	現金	xian4 jin1	cash,	5
现实	現實	xian4 shi2	reality, actuality, real, actual, realistic,	5
现象	現象	xian4 xiang4	appearance, phenomenon, CL:個|个,種|种[zhǒng],	5
相处	相處	xiang1 chu3	to be in contact with, to associate with, to have dealings with,	5
相当	相當	xiang1 dang1	equivalent to, appropriate, considerably, to a certain extent, fairly, quite,	5
相对	相對	xiang1 dui4	relatively, opposite, to resist, to oppose, relative, vis-a-vis, counterpart,	5
相关	相關	xiang1 guan1	to be interrelated, (statistics) correlation,	5
相似	相似	xiang1 si4	to resemble, similar, like, resemblance, similarity,	5
想念	想念	xiang3 nian4	to miss, to remember with longing, to long to see again,	5
想象	想象	xiang3 xiang4	to imagine, to fancy, CL:個|个[gè],	5
享受	享受	xiang3 shou4	to enjoy, to live it up, pleasure, CL:種|种[zhǒng],	5
项	項	Xiang4	back of neck, item, thing, term (in a mathematical formula), sum (of money), classifier for principles, items, clauses, tasks, research projects etc,	5
项	項	xiang4	back of neck, item, thing, term (in a mathematical formula), sum (of money), classifier for principles, items, clauses, tasks, research projects etc,	5
项链	項鏈	xiang4 lian4	necklace, CL:條|条[tiáo],	5
项目	項目	xiang4 mu4	item, project, sports event, CL:個|个[gè],	5
橡皮	橡皮	xiang4 pi2	rubber, an eraser, CL:塊|块[kuài],	5
象棋	象棋	xiang4 qi2	Chinese chess, CL:副[fù],	5
象征	象徵	xiang4 zheng1	emblem, symbol, token, badge, to symbolize, to signify, to stand for,	5
消费	消費	xiao1 fei4	to consume, CL:個|个[gè],	5
消化	消化	xiao1 hua4	to digest, digestion, digestive,	5
消灭	消滅	xiao1 mie4	to put an end to, to annihilate, to cause to perish, to perish, annihilation (in quantum field theory),	5
消失	消失	xiao1 shi1	to disappear, to fade away,	5
销售	銷售	xiao1 shou4	to sell, market, sales,	5
小吃	小喫	xiao3 chi1	snack, refreshments, CL:家[jiā],	5
小伙子	小夥子	xiao3 huo3 zi5	young man, young guy, lad, youngster, CL:個|个[gè],	5
小麦	小麥	xiao3 mai4	wheat, CL:粒[lì],	5
小气	小氣	xiao3 qi4	stingy, petty, miserly, narrow-minded,	5
小偷	小偷	xiao3 tou1	thief,	5
效率	效率	xiao4 lu:4	efficiency,	5
孝顺	孝順	xiao4 shun4	filial piety, to be obedient to one's parents,	5
歇	歇	xie1	to rest,	5
斜	斜	xie2	inclined, slanting, oblique, tilting,	5
协调	協調	xie2 tiao2	to coordinate, to harmonize, negotiation,	5
心理	心理	xin1 li3	mental, psychological,	5
心脏	心髒	xin1 zang4	heart, CL:顆|颗,個|个[gè],	5
欣赏	欣賞	xin1 shang3	to appreciate, to enjoy, to admire,	5
信封	信封	xin4 feng1	envelope, CL:個|个[gè],	5
信号	信號	xin4 hao4	signal,	5
信息	信息	xin4 xi1	information, news, message,	5
行动	行動	xing2 dong4	operation, action, to move, mobile, CL:個|个[gè],	5
行人	行人	xing2 ren2	pedestrian, traveler on foot, passer-by, official responsible for arranging audiences with the emperor,	5
行为	行爲	xing2 wei2	action, conduct, behavior, activity,	5
形成	形成	xing2 cheng2	to form, to take shape,	5
形容	形容	xing2 rong2	to describe, description, appearance, look,	5
形式	形式	xing2 shi4	form, shape, situation, circumstance, CL:個|个[gè],	5
形势	形勢	xing2 shi4	circumstances, situation, terrain, CL:個|个[gè],	5
形象	形象	xing2 xiang4	image, form, figure, CL:個|个[gè], visualization, vivid,	5
形状	形狀	xing2 zhuang4	form, shape, CL:個|个[gè],	5
性质	性質	xing4 zhi4	nature, characteristic, CL:個|个[gè],	5
幸亏	幸虧	xing4 kui1	fortunately, luckily,	5
幸运	幸運	xing4 yun4	fortunate, lucky, fortune, luck,	5
胸	胸	xiong1	chest, bosom, heart, mind, thorax,	5
胸	胸	xiong1	chest, bosom, heart, mind, thorax,	5
兄弟	兄弟	xiong1 di4	brothers, younger brother, CL:個|个[gè], I, me (humble term used by men in public speech), brotherly, fraternal,	5
雄伟	雄偉	xiong2 wei3	grand, imposing, magnificent, majestic,	5
修改	修改	xiu1 gai3	to amend, to alter, to modify,	5
休闲	休閒	xiu1 xian2	leisure, relaxation, not working, idle, to enjoy leisure, to lie fallow,	5
虚心	虛心	xu1 xin1	modest,	5
叙述	敘述	xu4 shu4	to relate (a story or information), to tell or talk about, to recount, narration, telling, narrative, account,	5
宣布	宣布	xuan1 bu4	to declare, to announce, to proclaim,	5
宣传	宣傳	xuan1 chuan2	to disseminate, to give publicity to, propaganda, CL:個|个[gè],	5
选举	選舉	xuan3 ju3	to elect, election, CL:次,個|个[gè],	5
学期	學期	xue2 qi1	term, semester, CL:個|个[gè],	5
学术	學術	xue2 shu4	learning, science, academic, CL:個|个[gè],	5
学问	學問	xue2 wen4	learning, knowledge, CL:個|个[gè],	5
寻找	尋找	xun2 zhao3	to seek, to look for,	5
询问	詢問	xun2 wen4	to inquire,	5
训练	訓練	xun4 lian4	to train, to drill, training, CL:個|个[gè],	5
迅速	迅速	xun4 su4	rapid, speedy, fast,	5
延长	延長	Yan2 chang2	to prolong, to extend, to delay,	5
延长	延長	yan2 chang2	to prolong, to extend, to delay,	5
严肃	嚴肅	yan2 su4	solemn, grave, serious, earnest, severe,	5
宴会	宴會	yan4 hui4	banquet, feast, dinner party, CL:席,個|个[gè],	5
阳台	陽臺	yang2 tai2	balcony, porch,	5
阳台	陽臺	yang2 tai2	balcony, porch,	5
痒	癢	yang3	to itch, to tickle,	5
痒	癢	yang3	to itch, to tickle,	5
样式	樣式	yang4 shi4	type, style,	5
腰	腰	yao1	waist, lower back, pocket, middle, loins,	5
摇	搖	Yao2	to shake, to rock, to row,	5
摇	搖	yao2	to shake, to rock, to row,	5
咬	咬	yao3	to bite, to nip,	5
咬	咬	yao3	to bite, to nip,	5
要不	要不	yao4 bu4	otherwise, or else, how about...?, either... (or...),	5
要是	要是	yao4 shi5	if,	5
夜	夜	ye4	night,	5
夜	夜	ye4	night,	5
液体	液體	ye4 ti3	liquid,	5
业务	業務	ye4 wu4	business, professional work, service, CL:項|项[xiàng],	5
业余	業餘	ye4 yu2	spare time, amateur, extra-curricular,	5
依然	依然	yi1 ran2	still, as before,	5
一辈子	一輩子	yi1 bei4 zi5	(for) a lifetime,	5
一旦	一旦	yi1 dan4	in case (sth happens), if, once (sth happens, then...), when, in a short time, in one day,	5
一路	一路	yi1 lu4	the whole journey, all the way, going the same way, going in the same direction, of the same kind,	5
一致	一致	yi1 zhi4	unanimous, identical (views or opinions),	5
遗憾	遺憾	yi2 han4	regret, to regret, to be sorry that,	5
移动	移動	yi2 dong4	to move, movement, migration, mobile, portable,	5
移民	移民	yi2 min2	to immigrate, to migrate, emigrant, immigrant,	5
疑问	疑問	yi2 wen4	question, interrogation, doubt,	5
乙	乙	yi3	"second of 10 heavenly stems 十天干, second in order, letter ""B"" or roman ""II"" in list ""A, B, C"", or ""I, II, III"" etc, second party (in legal contract, usually 乙方, as opposed to 甲方), ethyl, bent, winding, radical in Chinese characters (Kangxi radical 5),"	5
乙	乙	zhe2	"second of 10 heavenly stems 十天干, second in order, letter ""B"" or roman ""II"" in list ""A, B, C"", or ""I, II, III"" etc, second party (in legal contract, usually 乙方, as opposed to 甲方), ethyl, bent, winding, radical in Chinese characters (Kangxi radical 5),"	5
以及	以及	yi3 ji2	as well as, too, and,	5
以来	以來	yi3 lai2	since (a previous event),	5
意外	意外	yi4 wai4	unexpected, accident, mishap, CL:個|个[gè],	5
意义	意義	yi4 yi4	sense, meaning, significance, importance, CL:個|个[gè],	5
议论	議論	yi4 lun4	to comment, to talk about, to discuss, discussion, CL:個|个[gè],	5
义务	義務	yi4 wu4	duty, obligation, commitment, volunteer duty, CL:項|项[xiàng], mandatory, voluntary,	5
因而	因而	yin1 er2	therefore, as a result, thus, and as a result, ...,	5
因素	因素	yin1 su4	element, factor, CL:個|个[gè],	5
银	銀	yin2	silver, silver-colored, relating to money or currency,	5
英俊	英俊	ying1 jun4	handsome,	5
英雄	英雄	ying1 xiong2	hero, CL:個|个[gè],	5
迎接	迎接	ying2 jie1	to meet, to welcome, to greet,	5
营养	營養	ying2 yang3	nutrition, nourishment, CL:種|种[zhǒng],	5
营业	營業	ying2 ye4	to do business, to trade,	5
影子	影子	ying3 zi5	shadow, reflection, CL:個|个[gè],	5
硬币	硬幣	ying4 bi4	coin, CL:枚[méi],	5
硬件	硬件	ying4 jian4	hardware,	5
应付	應付	ying4 fu5	to deal with, to cope,	5
应聘	應聘	ying4 pin4	to accept a job offer, to apply for an advertised position,	5
应用	應用	ying4 yong4	to use, to apply, application, applicable,	5
拥抱	擁抱	yong1 bao4	to embrace, to hug,	5
拥挤	擁擠	yong1 ji3	crowded, to throng, congestion,	5
勇气	勇氣	yong3 qi4	courage, valor,	5
用途	用途	yong4 tu2	use, application,	5
优惠	優惠	you1 hui4	preferential, favorable,	5
优美	優美	you1 mei3	graceful, fine, elegant,	5
优势	優勢	you1 shi4	superiority, dominance, advantage,	5
悠久	悠久	you1 jiu3	established, long,	5
邮局	郵局	you2 ju2	post office, CL:家,個|个[gè],	5
游览	遊覽	you2 lan3	to go sight-seeing, to tour, to visit, CL:次[cì],	5
油炸	油炸	you2 zha2	to deep fry,	5
犹豫	猶豫	you2 yu4	to hesitate,	5
有利	有利	you3 li4	advantageous, to have advantages, favorable,	5
幼儿园	幼兒園	you4 er2 yuan2	kindergarten, nursery school,	5
娱乐	娛樂	yu2 le4	to entertain, to amuse, entertainment, recreation, amusement, hobby, fun, joy,	5
与其	與其	yu3 qi2	rather than..., 與其|与其 A 不如 B (rather than A, better to B),	5
语气	語氣	yu3 qi4	tone, manner of speaking, mood, CL:個|个[gè],	5
宇宙	宇宙	yu3 zhou4	universe, cosmos,	5
预报	預報	yu4 bao4	forecast,	5
预订	預訂	yu4 ding4	to place an order, to book ahead,	5
预防	預防	yu4 fang2	to prevent, to take precautions against, to protect, to guard against, precautionary, prophylactic,	5
玉米	玉米	yu4 mi3	corn, maize, CL:粒[lì],	5
元旦	元旦	Yuan2 dan4	New Year's Day,	5
原料	原料	yuan2 liao4	raw material, CL:個|个[gè],	5
原则	原則	yuan2 ze2	principle, doctrine, CL:個|个[gè],	5
缘故	緣故	yuan2 gu4	reason, cause,	5
愿望	願望	yuan4 wang4	desire, wish,	5
晕	暈	yun1	confused, dizzy, giddy, to faint, to swoon, to lose consciousness, to pass out,	5
晕	暈	yun4	confused, dizzy, giddy, to faint, to swoon, to lose consciousness, to pass out,	5
运气	運氣	yun4 qi5	luck (good or bad),	5
运输	運輸	yun4 shu1	transport, haulage, transit, CL:個|个[gè],	5
运用	運用	yun4 yong4	to use, to put to use,	5
灾害	災害	zai1 hai4	disastrous damage, scourge, CL:個|个[gè],	5
再三	再三	zai4 san1	over and over again, again and again,	5
赞成	贊成	zan4 cheng2	to approve, to endorse, (literary) to assist,	5
赞美	贊美	zan4 mei3	to admire, to praise, to eulogize,	5
糟糕	糟糕	zao1 gao1	too bad, how terrible, what bad luck, terrible, bad,	5
造成	造成	zao4 cheng2	to bring about, to create, to cause,	5
则	則	ze2	conjunction used to express contrast with a previous sentence or clause, standard, norm, rule, to imitate, to follow, then, principle, classifier for written items (such as an official statement),	5
责备	責備	ze2 bei4	to blame, to criticize, condemnation, reproach,	5
摘	摘	zhai1	to take, to borrow, to pick (flowers, fruit etc), to pluck, to select, to remove, to take off (glasses, hat etc),	5
粘贴	粘貼	zhan1 tie1	to stick, to affix, to adhere, to paste (as in cut, copy and paste), Taiwan pr. [nián tiē], also written 黏貼|黏贴,	5
展开	展開	zhan3 kai1	to unfold, to carry out, to be in full swing, to launch,	5
展览	展覽	zhan3 lan3	to put on display, to exhibit, exhibition, show, CL:個|个,次[cì],	5
战争	戰爭	zhan4 zheng1	war, conflict, CL:場|场,次[cì],	5
占线	佔線	zhan4 xian4	busy (telephone line),	5
涨	漲	zhang3	to rise (of prices, rivers),	5
涨	漲	zhang4	to rise (of prices, rivers),	5
掌握	掌握	zhang3 wo4	to grasp (often fig.), to control, to seize (initiative, opportunity, destiny), to master, to know well, to understand sth well and know how to use it, fluency,	5
账户	賬戶	zhang4 hu4	bank account, online account,	5
招待	招待	zhao1 dai4	to receive (guests), to entertain, reception,	5
着凉	着涼	zhao2 liang2	to catch cold,	5
照常	照常	zhao4 chang2	(business etc) as usual,	5
召开	召開	zhao4 kai1	to convene (a conference or meeting), to convoke, to call together,	5
哲学	哲學	zhe2 xue2	philosophy, CL:個|个[gè],	5
真理	真理	zhen1 li3	truth, CL:個|个[gè],	5
真实	真實	zhen1 shi2	true, real,	5
针对	針對	zhen1 dui4	to be directed against, to be aimed at, to counter, in the light of, in connection with,	5
珍惜	珍惜	zhen1 xi1	to treasure, to value, to cherish,	5
诊断	診斷	zhen3 duan4	diagnosis, to diagnose,	5
枕头	枕頭	zhen3 tou5	pillow,	5
阵	陣	zhen4	disposition of troops, wave, spate, burst, spell, short period of time, classifier for events or states of short duration,	5
振动	振動	zhen4 dong4	vibration,	5
睁	睜	zheng1	to open (one's eyes),	5
争论	爭論	zheng1 lun4	to argue, to debate, to contend, argument, contention, controversy, debate, CL:次,場|场[chǎng],	5
争取	爭取	zheng1 qu3	to fight for, to strive for, to win over,	5
征求	徵求	zheng1 qiu2	to solicit, to seek, to request (opinions, feedback etc), to petition,	5
整个	整個	zheng3 ge4	whole, entire, total,	5
整体	整體	zheng3 ti3	whole entity, entire body, synthesis, as a whole (situation, construction, team etc), global, macrocosm, integral, holistic, whole,	5
正	正	zheng1	just (right), main, upright, straight, correct, positive, greater than zero, principle,	5
正	正	zheng4	just (right), main, upright, straight, correct, positive, greater than zero, principle,	5
政策	政策	zheng4 ce4	policy, CL:個|个[gè],	5
政府	政府	zheng4 fu3	government, CL:個|个[gè],	5
政治	政治	zheng4 zhi4	politics, political,	5
证件	證件	zheng4 jian4	paperwork, credentials,	5
证据	證據	zheng4 ju4	evidence, proof, testimony,	5
挣钱	掙錢	zheng4 qian2	to make money,	5
支	支	Zhi1	to support, to sustain, to erect, to raise, branch, division, to draw money, classifier for rods such as pens and guns, for army divisions and for songs or compositions,	5
支	支	zhi1	to support, to sustain, to erect, to raise, branch, division, to draw money, classifier for rods such as pens and guns, for army divisions and for songs or compositions,	5
支票	支票	zhi1 piao4	check (bank), cheque, CL:本[běn],	5
直	直	Zhi2	straight, to straighten, fair and reasonable, frank, straightforward, (indicates continuing motion or action), vertical, vertical downward stroke in Chinese characters,	5
直	直	zhi2	straight, to straighten, fair and reasonable, frank, straightforward, (indicates continuing motion or action), vertical, vertical downward stroke in Chinese characters,	5
执行	執行	zhi2 xing2	to implement, to carry out, to execute, to run,	5
执照	執照	zhi2 zhao4	a license, a permit,	5
指导	指導	zhi3 dao3	to guide, to give directions, to direct, to coach, guidance, tuition, CL:個|个[gè],	5
指挥	指揮	zhi3 hui1	to conduct, to command, to direct, conductor (of an orchestra), CL:個|个[gè],	5
制定	制定	zhi4 ding4	to draw up, to formulate,	5
制度	制度	zhi4 du4	system (e.g. political, adminstrative etc), institution, CL:個|个[gè],	5
制作	制作	zhi4 zuo4	to make, to manufacture,	5
智慧	智慧	zhi4 hui4	wisdom, knowledge, intelligent, intelligence,	5
至今	至今	zhi4 jin1	so far, to this day, until now,	5
至于	至於	zhi4 yu2	as for, as to, to go so far as to,	5
治疗	治療	zhi4 liao2	to treat, to cure, medical treatment, cure,	5
志愿者	志願者	zhi4 yuan4 zhe3	volunteer,	5
秩序	秩序	zhi4 xu4	order (orderly), order (sequence), social order, the state (of society), CL:個|个[gè],	5
钟	鍾	Zhong1	clock, o'clock, time as measured in hours and minutes, bell, CL:架,座[zuò],	5
钟	鍾	zhong1	clock, o'clock, time as measured in hours and minutes, bell, CL:架,座[zuò],	5
钟	鍾	zhong1	clock, o'clock, time as measured in hours and minutes, bell, CL:架,座[zuò],	5
中介	中介	zhong1 jie4	to act as intermediary, to link, intermediate, inter-, agency, agent,	5
中心	中心	zhong1 xin1	center, heart, core, CL:個|个[gè],	5
中旬	中旬	zhong1 xun2	middle third of a month,	5
重	重	chong2	heavy, serious, to attach importance to,	5
重	重	zhong4	heavy, serious, to attach importance to,	5
重量	重量	zhong4 liang4	weight, CL:個|个[gè],	5
周到	周到	zhou1 dao4	thoughtful, considerate, attentive, thorough,	5
逐步	逐步	zhu2 bu4	progressively, step by step,	5
竹子	竹子	zhu2 zi5	bamboo, CL:棵,支,根[gēn],	5
煮	煮	zhu3	to cook, to boil,	5
煮	煮	zhu3	to cook, to boil,	5
主持	主持	zhu3 chi2	to take charge of, to manage or direct, to preside over, to uphold, to stand for (justice etc), to host (a TV or radio program etc),	5
主观	主觀	zhu3 guan1	subjective,	5
主人	主人	zhu3 ren2	master, host, owner, CL:個|个[gè],	5
主席	主席	zhu3 xi2	chairperson, premier, chairman, CL:個|个,位[wèi],	5
主张	主張	zhu3 zhang1	to advocate, to stand for, view, position, stand, proposition, viewpoint, assertion, CL:個|个[gè],	5
嘱咐	囑咐	zhu3 fu5	to tell, to exhort, injunction,	5
祝福	祝福	zhu4 fu2	blessings, to wish sb well,	5
注册	注冊	zhu4 ce4	to register, to enroll,	5
抓紧	抓緊	zhua1 jin3	to grasp firmly, to pay special attention to, to rush in, to make the most of,	5
专家	專家	zhuan1 jia1	expert, specialist, CL:個|个[gè],	5
专心	專心	zhuan1 xin1	to concentrate, absorption, concentration, engrossed,	5
转变	轉變	zhuan3 bian4	to change, to transform, shift, transformation, CL:個|个[gè],	5
转告	轉告	zhuan3 gao4	to pass on, to communicate, to transmit,	5
装	裝	zhuang1	adornment, to adorn, dress, clothing, costume (of an actor in a play), to play a role, to pretend, to install, to fix, to wrap (sth in a bag), to load, to pack,	5
装饰	裝飾	zhuang1 shi4	to decorate, decoration, decorative, ornamental,	5
状况	狀況	zhuang4 kuang4	condition, state, situation, CL:個|个[gè],	5
状态	狀態	zhuang4 tai4	state of affairs, state, mode, situation, CL:個|个[gè],	5
追求	追求	zhui1 qiu2	to pursue (a goal etc) stubbornly, to seek after, to woo,	5
资格	資格	zi1 ge2	qualifications,	5
资金	資金	zi1 jin1	funds, funding, capital,	5
资料	資料	zi1 liao4	material, resources, data, information, profile (Internet), CL:份,個|个[gè],	5
资源	資源	Zi1 yuan2	natural resource (such as water or minerals), resource (such as manpower or tourism),	5
资源	資源	zi1 yuan2	natural resource (such as water or minerals), resource (such as manpower or tourism),	5
姿势	姿勢	zi1 shi4	posture, position,	5
咨询	諮詢	zi1 xun2	to consult, to seek advice, consultation, (sales) inquiry (formal),	5
咨询	諮詢	zi1 xun2	to consult, to seek advice, consultation, (sales) inquiry (formal),	5
紫	紫	zi3	purple, violet, amethyst, Lithospermum erythrorhizon (flowering plant whose root provides red purple dye), Japanese: murasaki,	5
字幕	字幕	zi4 mu4	caption, subtitle,	5
自从	自從	zi4 cong2	since (a time), ever since,	5
自动	自動	zi4 dong4	automatic, voluntarily,	5
自豪	自豪	zi4 hao2	(feel a sense of) pride, to be proud of sth (in a good way),	5
自觉	自覺	zi4 jue2	conscious, aware, on one's own initiative, conscientious,	5
自私	自私	zi4 si1	selfish, selfishness,	5
自信	自信	zi4 xin4	to have confidence in oneself, self-confidence,	5
自由	自由	zi4 you2	freedom, free, liberty, CL:個|个[gè],	5
自愿	自願	zi4 yuan4	voluntary,	5
综合	綜合	zong1 he2	comprehensive, composite, synthesized, to sum up, to integrate, to synthesize,	5
宗教	宗教	zong1 jiao4	religion,	5
总裁	總裁	zong3 cai2	chairman, director-general (of a company etc),	5
总共	總共	zong3 gong4	altogether, in sum, in all, in total,	5
总理	總理	zong3 li3	premier, prime minister, CL:個|个,位,名[míng],	5
总算	總算	zong3 suan4	at long last, finally, on the whole,	5
总统	總統	zong3 tong3	president (of a country), CL:個|个,位,名,屆|届[jiè],	5
总之	總之	zong3 zhi1	in a word, in short, in brief,	5
组合	組合	zu3 he2	to assemble, combination, combinatorial,	5
阻止	阻止	zu3 zhi3	to prevent, to block,	5
祖国	祖國	zu3 guo2	ancestral land CL:個|个[gè], homeland, used for PRC,	5
祖先	祖先	zu3 xian1	ancestor, forebears,	5
醉	醉	zui4	intoxicated,	5
最初	最初	zui4 chu1	first, primary, initial,	5
罪犯	罪犯	zui4 fan4	criminal,	5
尊敬	尊敬	zun1 jing4	respect, to revere,	5
遵守	遵守	zun1 shou3	to comply with, to abide by, to respect (an agreement),	5
作品	作品	zuo4 pin3	work (of art), opus, CL:部,篇[piān],	5
作为	作爲	zuo4 wei2	one's conduct, deed, activity, accomplishment, achievement, to act as, as (in the capacity of), qua, to view as, to look upon (sth as), to take sth to be,	5
作文	作文	zuo4 wen2	to write an essay, composition (student essay), CL:篇[piān],	5
